song_id,valence_mean,arousal_mean,mp3_path,exists
675,5.1,5.8,/kaggle/input/datasets/imsparsh/deam-mediaeval-dataset-emotional-analysis-in-music/DEAM_audio/MEMD_audio/675.mp3,True
664,7.0,6.6,/kaggle/input/datasets/imsparsh/deam-mediaeval-dataset-emotional-analysis-in-music/DEAM_audio/MEMD_audio/664.mp3,True
107,6.0,4.8,/kaggle/input/datasets/imsparsh/deam-mediaeval-dataset-emotional-analysis-in-music/DEAM_audio/MEMD_audio/107.mp3,True
776,3.5,4.5,/kaggle/input/datasets/imsparsh/deam-mediaeval-dataset-emotional-analysis-in-music/DEAM_audio/MEMD_audio/776.mp3,True
460,3.8,3.8,/kaggle/input/datasets/imsparsh/deam-mediaeval-dataset-emotional-analysis-in-music/DEAM_audio/MEMD_audio/460.mp3,True
1783,4.2,3.3,/kaggle/input/datasets/imsparsh/deam-mediaeval-dataset-emotional-analysis-in-music/DEAM_audio/MEMD_audio/1783.mp3,True
110,4.4,2.8,/kaggle/input/datasets/imsparsh/deam-mediaeval-dataset-emotional-analysis-in-music/DEAM_audio/MEMD_audio/110.mp3,True
1773,5.4,4.1,/kaggle/input/datasets/imsparsh/deam-mediaeval-dataset-emotional-analysis-in-music/DEAM_audio/MEMD_audio/1773.mp3,True
1286,3.8,3.0,/kaggle/input/datasets/imsparsh/deam-mediaeval-dataset-emotional-analysis-in-music/DEAM_audio/MEMD_audio/1286.mp3,True
1173,4.3,4.0,/kaggle/input/datasets/imsparsh/deam-mediaeval-dataset-emotional-analysis-in-music/DEAM_audio/MEMD_audio/1173.mp3,True
1381,6.1,7.1,/kaggle/input/datasets/imsparsh/deam-mediaeval-dataset-emotional-analysis-in-music/DEAM_audio/MEMD_audio/1381.mp3,True
1194,3.4,2.5,/kaggle/input/datasets/imsparsh/deam-mediaeval-dataset-emotional-analysis-in-music/DEAM_audio/MEMD_audio/1194.mp3,True
1999,4.6,5.4,/kaggle/input/datasets/imsparsh/deam-mediaeval-dataset-emotional-analysis-in-music/DEAM_audio/MEMD_audio/1999.mp3,True
974,4.1,4.2,/kaggle/input/datasets/imsparsh/deam-mediaeval-dataset-emotional-analysis-in-music/DEAM_audio/MEMD_audio/974.mp3,True
574,4.5,4.8,/kaggle/input/datasets/imsparsh/deam-mediaeval-dataset-emotional-analysis-in-music/DEAM_audio/MEMD_audio/574.mp3,True
637,2.2,3.6,/kaggle/input/datasets/imsparsh/deam-mediaeval-dataset-emotional-analysis-in-music/DEAM_audio/MEMD_audio/637.mp3,True
1591,5.9,4.7,/kaggle/input/datasets/imsparsh/deam-mediaeval-dataset-emotional-analysis-in-music/DEAM_audio/MEMD_audio/1591.mp3,True
339,5.9,6.9,/kaggle/input/datasets/imsparsh/deam-mediaeval-dataset-emotional-analysis-in-music/DEAM_audio/MEMD_audio/339.mp3,True
1012,4.3,2.9,/kaggle/input/datasets/imsparsh/deam-mediaeval-dataset-emotional-analysis-in-music/DEAM_audio/MEMD_audio/1012.mp3,True
2044,6.4,5.2,/kaggle/input/datasets/imsparsh/deam-mediaeval-dataset-emotional-analysis-in-music/DEAM_audio/MEMD_audio/2044.mp3,True
1488,4.9,3.9,/kaggle/input/datasets/imsparsh/deam-mediaeval-dataset-emotional-analysis-in-music/DEAM_audio/MEMD_audio/1488.mp3,True
818,5.9,6.8,/kaggle/input/datasets/imsparsh/deam-mediaeval-dataset-emotional-analysis-in-music/DEAM_audio/MEMD_audio/818.mp3,True
744,6.1,5.5,/kaggle/input/datasets/imsparsh/deam-mediaeval-dataset-emotional-analysis-in-music/DEAM_audio/MEMD_audio/744.mp3,True
2034,6.2,4.6,/kaggle/input/datasets/imsparsh/deam-mediaeval-dataset-emotional-analysis-in-music/DEAM_audio/MEMD_audio/2034.mp3,True
1307,5.1,5.4,/kaggle/input/datasets/imsparsh/deam-mediaeval-dataset-emotional-analysis-in-music/DEAM_audio/MEMD_audio/1307.mp3,True
1206,5.1,5.8,/kaggle/input/datasets/imsparsh/deam-mediaeval-dataset-emotional-analysis-in-music/DEAM_audio/MEMD_audio/1206.mp3,True
1748,5.4,4.1,/kaggle/input/datasets/imsparsh/deam-mediaeval-dataset-emotional-analysis-in-music/DEAM_audio/MEMD_audio/1748.mp3,True
384,3.6,4.1,/kaggle/input/datasets/imsparsh/deam-mediaeval-dataset-emotional-analysis-in-music/DEAM_audio/MEMD_audio/384.mp3,True
1119,3.4,2.1,/kaggle/input/datasets/imsparsh/deam-mediaeval-dataset-emotional-analysis-in-music/DEAM_audio/MEMD_audio/1119.mp3,True
1188,4.7,3.3,/kaggle/input/datasets/imsparsh/deam-mediaeval-dataset-emotional-analysis-in-music/DEAM_audio/MEMD_audio/1188.mp3,True
1195,4.2,4.0,/kaggle/input/datasets/imsparsh/deam-mediaeval-dataset-emotional-analysis-in-music/DEAM_audio/MEMD_audio/1195.mp3,True
1297,4.8,3.7,/kaggle/input/datasets/imsparsh/deam-mediaeval-dataset-emotional-analysis-in-music/DEAM_audio/MEMD_audio/1297.mp3,True
1755,6.4,5.7,/kaggle/input/datasets/imsparsh/deam-mediaeval-dataset-emotional-analysis-in-music/DEAM_audio/MEMD_audio/1755.mp3,True
210,4.2,5.5,/kaggle/input/datasets/imsparsh/deam-mediaeval-dataset-emotional-analysis-in-music/DEAM_audio/MEMD_audio/210.mp3,True
791,2.7,4.6,/kaggle/input/datasets/imsparsh/deam-mediaeval-dataset-emotional-analysis-in-music/DEAM_audio/MEMD_audio/791.mp3,True
1627,4.4,3.9,/kaggle/input/datasets/imsparsh/deam-mediaeval-dataset-emotional-analysis-in-music/DEAM_audio/MEMD_audio/1627.mp3,True
112,6.8,6.4,/kaggle/input/datasets/imsparsh/deam-mediaeval-dataset-emotional-analysis-in-music/DEAM_audio/MEMD_audio/112.mp3,True
2006,5.0,3.2,/kaggle/input/datasets/imsparsh/deam-mediaeval-dataset-emotional-analysis-in-music/DEAM_audio/MEMD_audio/2006.mp3,True
1964,3.6,6.7,/kaggle/input/datasets/imsparsh/deam-mediaeval-dataset-emotional-analysis-in-music/DEAM_audio/MEMD_audio/1964.mp3,True
584,2.5,2.4,/kaggle/input/datasets/imsparsh/deam-mediaeval-dataset-emotional-analysis-in-music/DEAM_audio/MEMD_audio/584.mp3,True
77,4.2,2.9,/kaggle/input/datasets/imsparsh/deam-mediaeval-dataset-emotional-analysis-in-music/DEAM_audio/MEMD_audio/77.mp3,True
1862,5.1,4.9,/kaggle/input/datasets/imsparsh/deam-mediaeval-dataset-emotional-analysis-in-music/DEAM_audio/MEMD_audio/1862.mp3,True
262,5.6,6.9,/kaggle/input/datasets/imsparsh/deam-mediaeval-dataset-emotional-analysis-in-music/DEAM_audio/MEMD_audio/262.mp3,True
142,4.6,4.8,/kaggle/input/datasets/imsparsh/deam-mediaeval-dataset-emotional-analysis-in-music/DEAM_audio/MEMD_audio/142.mp3,True
1063,5.2,6.4,/kaggle/input/datasets/imsparsh/deam-mediaeval-dataset-emotional-analysis-in-music/DEAM_audio/MEMD_audio/1063.mp3,True
1370,4.3,4.1,/kaggle/input/datasets/imsparsh/deam-mediaeval-dataset-emotional-analysis-in-music/DEAM_audio/MEMD_audio/1370.mp3,True
1732,4.2,3.0,/kaggle/input/datasets/imsparsh/deam-mediaeval-dataset-emotional-analysis-in-music/DEAM_audio/MEMD_audio/1732.mp3,True
207,4.8,4.8,/kaggle/input/datasets/imsparsh/deam-mediaeval-dataset-emotional-analysis-in-music/DEAM_audio/MEMD_audio/207.mp3,True
1724,3.7,3.3,/kaggle/input/datasets/imsparsh/deam-mediaeval-dataset-emotional-analysis-in-music/DEAM_audio/MEMD_audio/1724.mp3,True
756,5.9,6.8,/kaggle/input/datasets/imsparsh/deam-mediaeval-dataset-emotional-analysis-in-music/DEAM_audio/MEMD_audio/756.mp3,True
1663,4.6,4.9,/kaggle/input/datasets/imsparsh/deam-mediaeval-dataset-emotional-analysis-in-music/DEAM_audio/MEMD_audio/1663.mp3,True
32,4.2,3.3,/kaggle/input/datasets/imsparsh/deam-mediaeval-dataset-emotional-analysis-in-music/DEAM_audio/MEMD_audio/32.mp3,True
518,4.1,3.4,/kaggle/input/datasets/imsparsh/deam-mediaeval-dataset-emotional-analysis-in-music/DEAM_audio/MEMD_audio/518.mp3,True
1465,5.2,3.7,/kaggle/input/datasets/imsparsh/deam-mediaeval-dataset-emotional-analysis-in-music/DEAM_audio/MEMD_audio/1465.mp3,True
336,6.1,6.6,/kaggle/input/datasets/imsparsh/deam-mediaeval-dataset-emotional-analysis-in-music/DEAM_audio/MEMD_audio/336.mp3,True
1882,5.5,6.2,/kaggle/input/datasets/imsparsh/deam-mediaeval-dataset-emotional-analysis-in-music/DEAM_audio/MEMD_audio/1882.mp3,True
523,5.1,5.9,/kaggle/input/datasets/imsparsh/deam-mediaeval-dataset-emotional-analysis-in-music/DEAM_audio/MEMD_audio/523.mp3,True
1619,5.2,5.3,/kaggle/input/datasets/imsparsh/deam-mediaeval-dataset-emotional-analysis-in-music/DEAM_audio/MEMD_audio/1619.mp3,True
804,6.9,6.8,/kaggle/input/datasets/imsparsh/deam-mediaeval-dataset-emotional-analysis-in-music/DEAM_audio/MEMD_audio/804.mp3,True
49,3.9,5.3,/kaggle/input/datasets/imsparsh/deam-mediaeval-dataset-emotional-analysis-in-music/DEAM_audio/MEMD_audio/49.mp3,True
1131,4.5,3.4,/kaggle/input/datasets/imsparsh/deam-mediaeval-dataset-emotional-analysis-in-music/DEAM_audio/MEMD_audio/1131.mp3,True
1074,6.8,6.4,/kaggle/input/datasets/imsparsh/deam-mediaeval-dataset-emotional-analysis-in-music/DEAM_audio/MEMD_audio/1074.mp3,True
248,3.4,3.7,/kaggle/input/datasets/imsparsh/deam-mediaeval-dataset-emotional-analysis-in-music/DEAM_audio/MEMD_audio/248.mp3,True
1239,6.3,6.7,/kaggle/input/datasets/imsparsh/deam-mediaeval-dataset-emotional-analysis-in-music/DEAM_audio/MEMD_audio/1239.mp3,True
383,4.2,3.6,/kaggle/input/datasets/imsparsh/deam-mediaeval-dataset-emotional-analysis-in-music/DEAM_audio/MEMD_audio/383.mp3,True
722,5.7,7.0,/kaggle/input/datasets/imsparsh/deam-mediaeval-dataset-emotional-analysis-in-music/DEAM_audio/MEMD_audio/722.mp3,True
1660,5.2,5.5,/kaggle/input/datasets/imsparsh/deam-mediaeval-dataset-emotional-analysis-in-music/DEAM_audio/MEMD_audio/1660.mp3,True
801,3.3,3.5,/kaggle/input/datasets/imsparsh/deam-mediaeval-dataset-emotional-analysis-in-music/DEAM_audio/MEMD_audio/801.mp3,True
1335,5.4,5.6,/kaggle/input/datasets/imsparsh/deam-mediaeval-dataset-emotional-analysis-in-music/DEAM_audio/MEMD_audio/1335.mp3,True
404,6.9,6.8,/kaggle/input/datasets/imsparsh/deam-mediaeval-dataset-emotional-analysis-in-music/DEAM_audio/MEMD_audio/404.mp3,True
178,2.8,3.7,/kaggle/input/datasets/imsparsh/deam-mediaeval-dataset-emotional-analysis-in-music/DEAM_audio/MEMD_audio/178.mp3,True
432,5.3,5.3,/kaggle/input/datasets/imsparsh/deam-mediaeval-dataset-emotional-analysis-in-music/DEAM_audio/MEMD_audio/432.mp3,True
109,4.4,4.5,/kaggle/input/datasets/imsparsh/deam-mediaeval-dataset-emotional-analysis-in-music/DEAM_audio/MEMD_audio/109.mp3,True
70,4.4,3.6,/kaggle/input/datasets/imsparsh/deam-mediaeval-dataset-emotional-analysis-in-music/DEAM_audio/MEMD_audio/70.mp3,True
607,4.4,6.1,/kaggle/input/datasets/imsparsh/deam-mediaeval-dataset-emotional-analysis-in-music/DEAM_audio/MEMD_audio/607.mp3,True
187,2.5,3.7,/kaggle/input/datasets/imsparsh/deam-mediaeval-dataset-emotional-analysis-in-music/DEAM_audio/MEMD_audio/187.mp3,True
1426,6.6,6.4,/kaggle/input/datasets/imsparsh/deam-mediaeval-dataset-emotional-analysis-in-music/DEAM_audio/MEMD_audio/1426.mp3,True
1519,5.0,5.6,/kaggle/input/datasets/imsparsh/deam-mediaeval-dataset-emotional-analysis-in-music/DEAM_audio/MEMD_audio/1519.mp3,True
1347,4.6,4.0,/kaggle/input/datasets/imsparsh/deam-mediaeval-dataset-emotional-analysis-in-music/DEAM_audio/MEMD_audio/1347.mp3,True
1729,5.1,5.4,/kaggle/input/datasets/imsparsh/deam-mediaeval-dataset-emotional-analysis-in-music/DEAM_audio/MEMD_audio/1729.mp3,True
649,6.2,6.7,/kaggle/input/datasets/imsparsh/deam-mediaeval-dataset-emotional-analysis-in-music/DEAM_audio/MEMD_audio/649.mp3,True
212,4.6,5.4,/kaggle/input/datasets/imsparsh/deam-mediaeval-dataset-emotional-analysis-in-music/DEAM_audio/MEMD_audio/212.mp3,True
1144,3.7,4.6,/kaggle/input/datasets/imsparsh/deam-mediaeval-dataset-emotional-analysis-in-music/DEAM_audio/MEMD_audio/1144.mp3,True
1494,4.9,3.8,/kaggle/input/datasets/imsparsh/deam-mediaeval-dataset-emotional-analysis-in-music/DEAM_audio/MEMD_audio/1494.mp3,True
1918,3.4,4.6,/kaggle/input/datasets/imsparsh/deam-mediaeval-dataset-emotional-analysis-in-music/DEAM_audio/MEMD_audio/1918.mp3,True
685,4.5,3.6,/kaggle/input/datasets/imsparsh/deam-mediaeval-dataset-emotional-analysis-in-music/DEAM_audio/MEMD_audio/685.mp3,True
410,3.8,5.1,/kaggle/input/datasets/imsparsh/deam-mediaeval-dataset-emotional-analysis-in-music/DEAM_audio/MEMD_audio/410.mp3,True
1506,5.0,4.8,/kaggle/input/datasets/imsparsh/deam-mediaeval-dataset-emotional-analysis-in-music/DEAM_audio/MEMD_audio/1506.mp3,True
2019,6.8,6.8,/kaggle/input/datasets/imsparsh/deam-mediaeval-dataset-emotional-analysis-in-music/DEAM_audio/MEMD_audio/2019.mp3,True
880,4.9,3.8,/kaggle/input/datasets/imsparsh/deam-mediaeval-dataset-emotional-analysis-in-music/DEAM_audio/MEMD_audio/880.mp3,True
1180,3.3,2.6,/kaggle/input/datasets/imsparsh/deam-mediaeval-dataset-emotional-analysis-in-music/DEAM_audio/MEMD_audio/1180.mp3,True
1103,3.6,3.5,/kaggle/input/datasets/imsparsh/deam-mediaeval-dataset-emotional-analysis-in-music/DEAM_audio/MEMD_audio/1103.mp3,True
779,2.8,5.3,/kaggle/input/datasets/imsparsh/deam-mediaeval-dataset-emotional-analysis-in-music/DEAM_audio/MEMD_audio/779.mp3,True
1892,5.1,6.1,/kaggle/input/datasets/imsparsh/deam-mediaeval-dataset-emotional-analysis-in-music/DEAM_audio/MEMD_audio/1892.mp3,True
292,7.3,7.4,/kaggle/input/datasets/imsparsh/deam-mediaeval-dataset-emotional-analysis-in-music/DEAM_audio/MEMD_audio/292.mp3,True
1163,6.2,5.3,/kaggle/input/datasets/imsparsh/deam-mediaeval-dataset-emotional-analysis-in-music/DEAM_audio/MEMD_audio/1163.mp3,True
1587,5.0,5.5,/kaggle/input/datasets/imsparsh/deam-mediaeval-dataset-emotional-analysis-in-music/DEAM_audio/MEMD_audio/1587.mp3,True
366,6.9,6.1,/kaggle/input/datasets/imsparsh/deam-mediaeval-dataset-emotional-analysis-in-music/DEAM_audio/MEMD_audio/366.mp3,True
536,5.1,4.5,/kaggle/input/datasets/imsparsh/deam-mediaeval-dataset-emotional-analysis-in-music/DEAM_audio/MEMD_audio/536.mp3,True
1963,3.9,5.5,/kaggle/input/datasets/imsparsh/deam-mediaeval-dataset-emotional-analysis-in-music/DEAM_audio/MEMD_audio/1963.mp3,True
1312,5.3,4.0,/kaggle/input/datasets/imsparsh/deam-mediaeval-dataset-emotional-analysis-in-music/DEAM_audio/MEMD_audio/1312.mp3,True
361,2.55,3.36,/kaggle/input/datasets/imsparsh/deam-mediaeval-dataset-emotional-analysis-in-music/DEAM_audio/MEMD_audio/361.mp3,True
525,4.3,4.8,/kaggle/input/datasets/imsparsh/deam-mediaeval-dataset-emotional-analysis-in-music/DEAM_audio/MEMD_audio/525.mp3,True
449,3.6,3.8,/kaggle/input/datasets/imsparsh/deam-mediaeval-dataset-emotional-analysis-in-music/DEAM_audio/MEMD_audio/449.mp3,True
728,6.9,7.5,/kaggle/input/datasets/imsparsh/deam-mediaeval-dataset-emotional-analysis-in-music/DEAM_audio/MEMD_audio/728.mp3,True
1197,3.9,2.8,/kaggle/input/datasets/imsparsh/deam-mediaeval-dataset-emotional-analysis-in-music/DEAM_audio/MEMD_audio/1197.mp3,True
214,3.6,4.1,/kaggle/input/datasets/imsparsh/deam-mediaeval-dataset-emotional-analysis-in-music/DEAM_audio/MEMD_audio/214.mp3,True
961,5.6,5.5,/kaggle/input/datasets/imsparsh/deam-mediaeval-dataset-emotional-analysis-in-music/DEAM_audio/MEMD_audio/961.mp3,True
807,4.8,6.5,/kaggle/input/datasets/imsparsh/deam-mediaeval-dataset-emotional-analysis-in-music/DEAM_audio/MEMD_audio/807.mp3,True
1330,5.7,7.2,/kaggle/input/datasets/imsparsh/deam-mediaeval-dataset-emotional-analysis-in-music/DEAM_audio/MEMD_audio/1330.mp3,True
1508,5.9,5.3,/kaggle/input/datasets/imsparsh/deam-mediaeval-dataset-emotional-analysis-in-music/DEAM_audio/MEMD_audio/1508.mp3,True
1385,6.0,6.0,/kaggle/input/datasets/imsparsh/deam-mediaeval-dataset-emotional-analysis-in-music/DEAM_audio/MEMD_audio/1385.mp3,True
1914,5.3,6.3,/kaggle/input/datasets/imsparsh/deam-mediaeval-dataset-emotional-analysis-in-music/DEAM_audio/MEMD_audio/1914.mp3,True
348,5.0,5.7,/kaggle/input/datasets/imsparsh/deam-mediaeval-dataset-emotional-analysis-in-music/DEAM_audio/MEMD_audio/348.mp3,True
1264,4.6,3.6,/kaggle/input/datasets/imsparsh/deam-mediaeval-dataset-emotional-analysis-in-music/DEAM_audio/MEMD_audio/1264.mp3,True
592,5.45,5.09,/kaggle/input/datasets/imsparsh/deam-mediaeval-dataset-emotional-analysis-in-music/DEAM_audio/MEMD_audio/592.mp3,True
1432,3.7,2.6,/kaggle/input/datasets/imsparsh/deam-mediaeval-dataset-emotional-analysis-in-music/DEAM_audio/MEMD_audio/1432.mp3,True
1235,4.9,5.8,/kaggle/input/datasets/imsparsh/deam-mediaeval-dataset-emotional-analysis-in-music/DEAM_audio/MEMD_audio/1235.mp3,True
456,6.1,2.3,/kaggle/input/datasets/imsparsh/deam-mediaeval-dataset-emotional-analysis-in-music/DEAM_audio/MEMD_audio/456.mp3,True
1230,5.3,3.7,/kaggle/input/datasets/imsparsh/deam-mediaeval-dataset-emotional-analysis-in-music/DEAM_audio/MEMD_audio/1230.mp3,True
131,6.1,4.9,/kaggle/input/datasets/imsparsh/deam-mediaeval-dataset-emotional-analysis-in-music/DEAM_audio/MEMD_audio/131.mp3,True
156,6.4,6.7,/kaggle/input/datasets/imsparsh/deam-mediaeval-dataset-emotional-analysis-in-music/DEAM_audio/MEMD_audio/156.mp3,True
1974,3.4,4.7,/kaggle/input/datasets/imsparsh/deam-mediaeval-dataset-emotional-analysis-in-music/DEAM_audio/MEMD_audio/1974.mp3,True
1193,4.4,3.9,/kaggle/input/datasets/imsparsh/deam-mediaeval-dataset-emotional-analysis-in-music/DEAM_audio/MEMD_audio/1193.mp3,True
427,5.2,5.8,/kaggle/input/datasets/imsparsh/deam-mediaeval-dataset-emotional-analysis-in-music/DEAM_audio/MEMD_audio/427.mp3,True
1717,6.0,4.8,/kaggle/input/datasets/imsparsh/deam-mediaeval-dataset-emotional-analysis-in-music/DEAM_audio/MEMD_audio/1717.mp3,True
882,5.3,5.2,/kaggle/input/datasets/imsparsh/deam-mediaeval-dataset-emotional-analysis-in-music/DEAM_audio/MEMD_audio/882.mp3,True
970,6.6,6.6,/kaggle/input/datasets/imsparsh/deam-mediaeval-dataset-emotional-analysis-in-music/DEAM_audio/MEMD_audio/970.mp3,True
243,7.2,4.1,/kaggle/input/datasets/imsparsh/deam-mediaeval-dataset-emotional-analysis-in-music/DEAM_audio/MEMD_audio/243.mp3,True
1446,5.8,3.2,/kaggle/input/datasets/imsparsh/deam-mediaeval-dataset-emotional-analysis-in-music/DEAM_audio/MEMD_audio/1446.mp3,True
171,2.1,3.6,/kaggle/input/datasets/imsparsh/deam-mediaeval-dataset-emotional-analysis-in-music/DEAM_audio/MEMD_audio/171.mp3,True
1959,4.7,5.8,/kaggle/input/datasets/imsparsh/deam-mediaeval-dataset-emotional-analysis-in-music/DEAM_audio/MEMD_audio/1959.mp3,True
1461,5.3,4.2,/kaggle/input/datasets/imsparsh/deam-mediaeval-dataset-emotional-analysis-in-music/DEAM_audio/MEMD_audio/1461.mp3,True
2038,4.0,3.8,/kaggle/input/datasets/imsparsh/deam-mediaeval-dataset-emotional-analysis-in-music/DEAM_audio/MEMD_audio/2038.mp3,True
1678,5.1,4.2,/kaggle/input/datasets/imsparsh/deam-mediaeval-dataset-emotional-analysis-in-music/DEAM_audio/MEMD_audio/1678.mp3,True
1220,3.6,2.2,/kaggle/input/datasets/imsparsh/deam-mediaeval-dataset-emotional-analysis-in-music/DEAM_audio/MEMD_audio/1220.mp3,True
1371,5.7,5.4,/kaggle/input/datasets/imsparsh/deam-mediaeval-dataset-emotional-analysis-in-music/DEAM_audio/MEMD_audio/1371.mp3,True
1401,5.8,5.3,/kaggle/input/datasets/imsparsh/deam-mediaeval-dataset-emotional-analysis-in-music/DEAM_audio/MEMD_audio/1401.mp3,True
1247,4.4,6.3,/kaggle/input/datasets/imsparsh/deam-mediaeval-dataset-emotional-analysis-in-music/DEAM_audio/MEMD_audio/1247.mp3,True
1616,4.8,5.5,/kaggle/input/datasets/imsparsh/deam-mediaeval-dataset-emotional-analysis-in-music/DEAM_audio/MEMD_audio/1616.mp3,True
18,4.8,3.9,/kaggle/input/datasets/imsparsh/deam-mediaeval-dataset-emotional-analysis-in-music/DEAM_audio/MEMD_audio/18.mp3,True
1788,3.6,6.0,/kaggle/input/datasets/imsparsh/deam-mediaeval-dataset-emotional-analysis-in-music/DEAM_audio/MEMD_audio/1788.mp3,True
1969,3.7,5.7,/kaggle/input/datasets/imsparsh/deam-mediaeval-dataset-emotional-analysis-in-music/DEAM_audio/MEMD_audio/1969.mp3,True
333,6.7,6.1,/kaggle/input/datasets/imsparsh/deam-mediaeval-dataset-emotional-analysis-in-music/DEAM_audio/MEMD_audio/333.mp3,True
343,7.0,8.1,/kaggle/input/datasets/imsparsh/deam-mediaeval-dataset-emotional-analysis-in-music/DEAM_audio/MEMD_audio/343.mp3,True
814,6.1,5.3,/kaggle/input/datasets/imsparsh/deam-mediaeval-dataset-emotional-analysis-in-music/DEAM_audio/MEMD_audio/814.mp3,True
1034,3.3,2.8,/kaggle/input/datasets/imsparsh/deam-mediaeval-dataset-emotional-analysis-in-music/DEAM_audio/MEMD_audio/1034.mp3,True
956,4.5,5.4,/kaggle/input/datasets/imsparsh/deam-mediaeval-dataset-emotional-analysis-in-music/DEAM_audio/MEMD_audio/956.mp3,True
159,3.8,3.1,/kaggle/input/datasets/imsparsh/deam-mediaeval-dataset-emotional-analysis-in-music/DEAM_audio/MEMD_audio/159.mp3,True
1324,6.1,6.7,/kaggle/input/datasets/imsparsh/deam-mediaeval-dataset-emotional-analysis-in-music/DEAM_audio/MEMD_audio/1324.mp3,True
379,1.9,2.9,/kaggle/input/datasets/imsparsh/deam-mediaeval-dataset-emotional-analysis-in-music/DEAM_audio/MEMD_audio/379.mp3,True
1209,4.4,2.7,/kaggle/input/datasets/imsparsh/deam-mediaeval-dataset-emotional-analysis-in-music/DEAM_audio/MEMD_audio/1209.mp3,True
1562,4.8,6.3,/kaggle/input/datasets/imsparsh/deam-mediaeval-dataset-emotional-analysis-in-music/DEAM_audio/MEMD_audio/1562.mp3,True
1049,5.3,6.7,/kaggle/input/datasets/imsparsh/deam-mediaeval-dataset-emotional-analysis-in-music/DEAM_audio/MEMD_audio/1049.mp3,True
1936,2.9,3.0,/kaggle/input/datasets/imsparsh/deam-mediaeval-dataset-emotional-analysis-in-music/DEAM_audio/MEMD_audio/1936.mp3,True
1077,6.4,4.8,/kaggle/input/datasets/imsparsh/deam-mediaeval-dataset-emotional-analysis-in-music/DEAM_audio/MEMD_audio/1077.mp3,True
973,6.5,4.6,/kaggle/input/datasets/imsparsh/deam-mediaeval-dataset-emotional-analysis-in-music/DEAM_audio/MEMD_audio/973.mp3,True
1865,6.8,5.9,/kaggle/input/datasets/imsparsh/deam-mediaeval-dataset-emotional-analysis-in-music/DEAM_audio/MEMD_audio/1865.mp3,True
1364,4.3,6.2,/kaggle/input/datasets/imsparsh/deam-mediaeval-dataset-emotional-analysis-in-music/DEAM_audio/MEMD_audio/1364.mp3,True
1136,4.5,3.4,/kaggle/input/datasets/imsparsh/deam-mediaeval-dataset-emotional-analysis-in-music/DEAM_audio/MEMD_audio/1136.mp3,True
190,2.8,3.1,/kaggle/input/datasets/imsparsh/deam-mediaeval-dataset-emotional-analysis-in-music/DEAM_audio/MEMD_audio/190.mp3,True
1149,4.0,2.6,/kaggle/input/datasets/imsparsh/deam-mediaeval-dataset-emotional-analysis-in-music/DEAM_audio/MEMD_audio/1149.mp3,True
826,4.0,4.7,/kaggle/input/datasets/imsparsh/deam-mediaeval-dataset-emotional-analysis-in-music/DEAM_audio/MEMD_audio/826.mp3,True
667,4.2,4.9,/kaggle/input/datasets/imsparsh/deam-mediaeval-dataset-emotional-analysis-in-music/DEAM_audio/MEMD_audio/667.mp3,True
1543,6.1,5.4,/kaggle/input/datasets/imsparsh/deam-mediaeval-dataset-emotional-analysis-in-music/DEAM_audio/MEMD_audio/1543.mp3,True
773,4.5,4.7,/kaggle/input/datasets/imsparsh/deam-mediaeval-dataset-emotional-analysis-in-music/DEAM_audio/MEMD_audio/773.mp3,True
228,3.5,4.0,/kaggle/input/datasets/imsparsh/deam-mediaeval-dataset-emotional-analysis-in-music/DEAM_audio/MEMD_audio/228.mp3,True
1891,5.0,3.5,/kaggle/input/datasets/imsparsh/deam-mediaeval-dataset-emotional-analysis-in-music/DEAM_audio/MEMD_audio/1891.mp3,True
1403,5.6,5.1,/kaggle/input/datasets/imsparsh/deam-mediaeval-dataset-emotional-analysis-in-music/DEAM_audio/MEMD_audio/1403.mp3,True
498,2.9,2.8,/kaggle/input/datasets/imsparsh/deam-mediaeval-dataset-emotional-analysis-in-music/DEAM_audio/MEMD_audio/498.mp3,True
122,5.5,4.6,/kaggle/input/datasets/imsparsh/deam-mediaeval-dataset-emotional-analysis-in-music/DEAM_audio/MEMD_audio/122.mp3,True
1512,3.8,5.2,/kaggle/input/datasets/imsparsh/deam-mediaeval-dataset-emotional-analysis-in-music/DEAM_audio/MEMD_audio/1512.mp3,True
1037,5.0,4.4,/kaggle/input/datasets/imsparsh/deam-mediaeval-dataset-emotional-analysis-in-music/DEAM_audio/MEMD_audio/1037.mp3,True
188,4.0,3.3,/kaggle/input/datasets/imsparsh/deam-mediaeval-dataset-emotional-analysis-in-music/DEAM_audio/MEMD_audio/188.mp3,True
512,5.1,5.4,/kaggle/input/datasets/imsparsh/deam-mediaeval-dataset-emotional-analysis-in-music/DEAM_audio/MEMD_audio/512.mp3,True
1574,5.9,5.4,/kaggle/input/datasets/imsparsh/deam-mediaeval-dataset-emotional-analysis-in-music/DEAM_audio/MEMD_audio/1574.mp3,True
616,3.5,5.0,/kaggle/input/datasets/imsparsh/deam-mediaeval-dataset-emotional-analysis-in-music/DEAM_audio/MEMD_audio/616.mp3,True
2054,5.4,3.6,/kaggle/input/datasets/imsparsh/deam-mediaeval-dataset-emotional-analysis-in-music/DEAM_audio/MEMD_audio/2054.mp3,True
879,5.6,6.0,/kaggle/input/datasets/imsparsh/deam-mediaeval-dataset-emotional-analysis-in-music/DEAM_audio/MEMD_audio/879.mp3,True
1649,6.1,6.0,/kaggle/input/datasets/imsparsh/deam-mediaeval-dataset-emotional-analysis-in-music/DEAM_audio/MEMD_audio/1649.mp3,True
1161,4.1,2.5,/kaggle/input/datasets/imsparsh/deam-mediaeval-dataset-emotional-analysis-in-music/DEAM_audio/MEMD_audio/1161.mp3,True
1430,4.6,3.2,/kaggle/input/datasets/imsparsh/deam-mediaeval-dataset-emotional-analysis-in-music/DEAM_audio/MEMD_audio/1430.mp3,True
561,6.9,7.0,/kaggle/input/datasets/imsparsh/deam-mediaeval-dataset-emotional-analysis-in-music/DEAM_audio/MEMD_audio/561.mp3,True
1898,5.1,4.2,/kaggle/input/datasets/imsparsh/deam-mediaeval-dataset-emotional-analysis-in-music/DEAM_audio/MEMD_audio/1898.mp3,True
211,3.1,4.9,/kaggle/input/datasets/imsparsh/deam-mediaeval-dataset-emotional-analysis-in-music/DEAM_audio/MEMD_audio/211.mp3,True
473,7.1,5.5,/kaggle/input/datasets/imsparsh/deam-mediaeval-dataset-emotional-analysis-in-music/DEAM_audio/MEMD_audio/473.mp3,True
740,3.7,4.0,/kaggle/input/datasets/imsparsh/deam-mediaeval-dataset-emotional-analysis-in-music/DEAM_audio/MEMD_audio/740.mp3,True
1642,5.1,4.9,/kaggle/input/datasets/imsparsh/deam-mediaeval-dataset-emotional-analysis-in-music/DEAM_audio/MEMD_audio/1642.mp3,True
1800,3.4,2.6,/kaggle/input/datasets/imsparsh/deam-mediaeval-dataset-emotional-analysis-in-music/DEAM_audio/MEMD_audio/1800.mp3,True
1155,4.2,4.3,/kaggle/input/datasets/imsparsh/deam-mediaeval-dataset-emotional-analysis-in-music/DEAM_audio/MEMD_audio/1155.mp3,True
1905,3.7,6.5,/kaggle/input/datasets/imsparsh/deam-mediaeval-dataset-emotional-analysis-in-music/DEAM_audio/MEMD_audio/1905.mp3,True
1001,4.4,3.8,/kaggle/input/datasets/imsparsh/deam-mediaeval-dataset-emotional-analysis-in-music/DEAM_audio/MEMD_audio/1001.mp3,True
1713,6.2,5.7,/kaggle/input/datasets/imsparsh/deam-mediaeval-dataset-emotional-analysis-in-music/DEAM_audio/MEMD_audio/1713.mp3,True
1065,6.0,6.4,/kaggle/input/datasets/imsparsh/deam-mediaeval-dataset-emotional-analysis-in-music/DEAM_audio/MEMD_audio/1065.mp3,True
1458,4.2,4.7,/kaggle/input/datasets/imsparsh/deam-mediaeval-dataset-emotional-analysis-in-music/DEAM_audio/MEMD_audio/1458.mp3,True
872,3.4,5.5,/kaggle/input/datasets/imsparsh/deam-mediaeval-dataset-emotional-analysis-in-music/DEAM_audio/MEMD_audio/872.mp3,True
173,4.6,2.2,/kaggle/input/datasets/imsparsh/deam-mediaeval-dataset-emotional-analysis-in-music/DEAM_audio/MEMD_audio/173.mp3,True
1625,4.9,4.4,/kaggle/input/datasets/imsparsh/deam-mediaeval-dataset-emotional-analysis-in-music/DEAM_audio/MEMD_audio/1625.mp3,True
1544,6.4,5.4,/kaggle/input/datasets/imsparsh/deam-mediaeval-dataset-emotional-analysis-in-music/DEAM_audio/MEMD_audio/1544.mp3,True
514,4.3,5.8,/kaggle/input/datasets/imsparsh/deam-mediaeval-dataset-emotional-analysis-in-music/DEAM_audio/MEMD_audio/514.mp3,True
830,5.3,5.9,/kaggle/input/datasets/imsparsh/deam-mediaeval-dataset-emotional-analysis-in-music/DEAM_audio/MEMD_audio/830.mp3,True
1522,5.2,5.7,/kaggle/input/datasets/imsparsh/deam-mediaeval-dataset-emotional-analysis-in-music/DEAM_audio/MEMD_audio/1522.mp3,True
1709,4.0,3.8,/kaggle/input/datasets/imsparsh/deam-mediaeval-dataset-emotional-analysis-in-music/DEAM_audio/MEMD_audio/1709.mp3,True
799,4.1,5.6,/kaggle/input/datasets/imsparsh/deam-mediaeval-dataset-emotional-analysis-in-music/DEAM_audio/MEMD_audio/799.mp3,True
346,6.7,7.3,/kaggle/input/datasets/imsparsh/deam-mediaeval-dataset-emotional-analysis-in-music/DEAM_audio/MEMD_audio/346.mp3,True
1304,5.2,6.3,/kaggle/input/datasets/imsparsh/deam-mediaeval-dataset-emotional-analysis-in-music/DEAM_audio/MEMD_audio/1304.mp3,True
1967,4.7,6.9,/kaggle/input/datasets/imsparsh/deam-mediaeval-dataset-emotional-analysis-in-music/DEAM_audio/MEMD_audio/1967.mp3,True
114,4.8,5.7,/kaggle/input/datasets/imsparsh/deam-mediaeval-dataset-emotional-analysis-in-music/DEAM_audio/MEMD_audio/114.mp3,True
60,4.3,6.4,/kaggle/input/datasets/imsparsh/deam-mediaeval-dataset-emotional-analysis-in-music/DEAM_audio/MEMD_audio/60.mp3,True
1880,5.4,3.2,/kaggle/input/datasets/imsparsh/deam-mediaeval-dataset-emotional-analysis-in-music/DEAM_audio/MEMD_audio/1880.mp3,True
1995,4.7,4.7,/kaggle/input/datasets/imsparsh/deam-mediaeval-dataset-emotional-analysis-in-music/DEAM_audio/MEMD_audio/1995.mp3,True
161,6.3,3.5,/kaggle/input/datasets/imsparsh/deam-mediaeval-dataset-emotional-analysis-in-music/DEAM_audio/MEMD_audio/161.mp3,True
1566,6.2,5.3,/kaggle/input/datasets/imsparsh/deam-mediaeval-dataset-emotional-analysis-in-music/DEAM_audio/MEMD_audio/1566.mp3,True
1556,4.7,6.1,/kaggle/input/datasets/imsparsh/deam-mediaeval-dataset-emotional-analysis-in-music/DEAM_audio/MEMD_audio/1556.mp3,True
1182,2.7,2.2,/kaggle/input/datasets/imsparsh/deam-mediaeval-dataset-emotional-analysis-in-music/DEAM_audio/MEMD_audio/1182.mp3,True
1927,5.6,4.6,/kaggle/input/datasets/imsparsh/deam-mediaeval-dataset-emotional-analysis-in-music/DEAM_audio/MEMD_audio/1927.mp3,True
2013,5.4,5.6,/kaggle/input/datasets/imsparsh/deam-mediaeval-dataset-emotional-analysis-in-music/DEAM_audio/MEMD_audio/2013.mp3,True
196,4.3,4.5,/kaggle/input/datasets/imsparsh/deam-mediaeval-dataset-emotional-analysis-in-music/DEAM_audio/MEMD_audio/196.mp3,True
977,7.3,3.5,/kaggle/input/datasets/imsparsh/deam-mediaeval-dataset-emotional-analysis-in-music/DEAM_audio/MEMD_audio/977.mp3,True
342,4.0,5.1,/kaggle/input/datasets/imsparsh/deam-mediaeval-dataset-emotional-analysis-in-music/DEAM_audio/MEMD_audio/342.mp3,True
1961,5.9,5.3,/kaggle/input/datasets/imsparsh/deam-mediaeval-dataset-emotional-analysis-in-music/DEAM_audio/MEMD_audio/1961.mp3,True
1093,5.8,6.0,/kaggle/input/datasets/imsparsh/deam-mediaeval-dataset-emotional-analysis-in-music/DEAM_audio/MEMD_audio/1093.mp3,True
416,5.5,5.2,/kaggle/input/datasets/imsparsh/deam-mediaeval-dataset-emotional-analysis-in-music/DEAM_audio/MEMD_audio/416.mp3,True
733,4.3,5.0,/kaggle/input/datasets/imsparsh/deam-mediaeval-dataset-emotional-analysis-in-music/DEAM_audio/MEMD_audio/733.mp3,True
1728,3.1,4.7,/kaggle/input/datasets/imsparsh/deam-mediaeval-dataset-emotional-analysis-in-music/DEAM_audio/MEMD_audio/1728.mp3,True
1954,6.7,5.7,/kaggle/input/datasets/imsparsh/deam-mediaeval-dataset-emotional-analysis-in-music/DEAM_audio/MEMD_audio/1954.mp3,True
1651,4.8,6.0,/kaggle/input/datasets/imsparsh/deam-mediaeval-dataset-emotional-analysis-in-music/DEAM_audio/MEMD_audio/1651.mp3,True
2033,3.17,6.83,/kaggle/input/datasets/imsparsh/deam-mediaeval-dataset-emotional-analysis-in-music/DEAM_audio/MEMD_audio/2033.mp3,True
1442,5.3,2.8,/kaggle/input/datasets/imsparsh/deam-mediaeval-dataset-emotional-analysis-in-music/DEAM_audio/MEMD_audio/1442.mp3,True
1098,6.8,6.3,/kaggle/input/datasets/imsparsh/deam-mediaeval-dataset-emotional-analysis-in-music/DEAM_audio/MEMD_audio/1098.mp3,True
585,4.0,4.2,/kaggle/input/datasets/imsparsh/deam-mediaeval-dataset-emotional-analysis-in-music/DEAM_audio/MEMD_audio/585.mp3,True
454,5.0,4.8,/kaggle/input/datasets/imsparsh/deam-mediaeval-dataset-emotional-analysis-in-music/DEAM_audio/MEMD_audio/454.mp3,True
393,6.0,6.4,/kaggle/input/datasets/imsparsh/deam-mediaeval-dataset-emotional-analysis-in-music/DEAM_audio/MEMD_audio/393.mp3,True
1310,5.1,4.4,/kaggle/input/datasets/imsparsh/deam-mediaeval-dataset-emotional-analysis-in-music/DEAM_audio/MEMD_audio/1310.mp3,True
1843,4.9,4.7,/kaggle/input/datasets/imsparsh/deam-mediaeval-dataset-emotional-analysis-in-music/DEAM_audio/MEMD_audio/1843.mp3,True
1570,5.2,4.6,/kaggle/input/datasets/imsparsh/deam-mediaeval-dataset-emotional-analysis-in-music/DEAM_audio/MEMD_audio/1570.mp3,True
1254,4.7,6.2,/kaggle/input/datasets/imsparsh/deam-mediaeval-dataset-emotional-analysis-in-music/DEAM_audio/MEMD_audio/1254.mp3,True
1502,7.2,7.0,/kaggle/input/datasets/imsparsh/deam-mediaeval-dataset-emotional-analysis-in-music/DEAM_audio/MEMD_audio/1502.mp3,True
1929,5.1,6.7,/kaggle/input/datasets/imsparsh/deam-mediaeval-dataset-emotional-analysis-in-music/DEAM_audio/MEMD_audio/1929.mp3,True
1056,4.2,5.0,/kaggle/input/datasets/imsparsh/deam-mediaeval-dataset-emotional-analysis-in-music/DEAM_audio/MEMD_audio/1056.mp3,True
1991,5.0,6.0,/kaggle/input/datasets/imsparsh/deam-mediaeval-dataset-emotional-analysis-in-music/DEAM_audio/MEMD_audio/1991.mp3,True
386,5.0,5.5,/kaggle/input/datasets/imsparsh/deam-mediaeval-dataset-emotional-analysis-in-music/DEAM_audio/MEMD_audio/386.mp3,True
1373,6.6,5.7,/kaggle/input/datasets/imsparsh/deam-mediaeval-dataset-emotional-analysis-in-music/DEAM_audio/MEMD_audio/1373.mp3,True
372,3.6,4.8,/kaggle/input/datasets/imsparsh/deam-mediaeval-dataset-emotional-analysis-in-music/DEAM_audio/MEMD_audio/372.mp3,True
1637,5.5,3.6,/kaggle/input/datasets/imsparsh/deam-mediaeval-dataset-emotional-analysis-in-music/DEAM_audio/MEMD_audio/1637.mp3,True
1479,5.0,5.1,/kaggle/input/datasets/imsparsh/deam-mediaeval-dataset-emotional-analysis-in-music/DEAM_audio/MEMD_audio/1479.mp3,True
1821,6.2,6.6,/kaggle/input/datasets/imsparsh/deam-mediaeval-dataset-emotional-analysis-in-music/DEAM_audio/MEMD_audio/1821.mp3,True
199,5.3,5.7,/kaggle/input/datasets/imsparsh/deam-mediaeval-dataset-emotional-analysis-in-music/DEAM_audio/MEMD_audio/199.mp3,True
20,5.4,6.5,/kaggle/input/datasets/imsparsh/deam-mediaeval-dataset-emotional-analysis-in-music/DEAM_audio/MEMD_audio/20.mp3,True
204,3.6,2.2,/kaggle/input/datasets/imsparsh/deam-mediaeval-dataset-emotional-analysis-in-music/DEAM_audio/MEMD_audio/204.mp3,True
852,4.5,4.7,/kaggle/input/datasets/imsparsh/deam-mediaeval-dataset-emotional-analysis-in-music/DEAM_audio/MEMD_audio/852.mp3,True
310,2.1,2.7,/kaggle/input/datasets/imsparsh/deam-mediaeval-dataset-emotional-analysis-in-music/DEAM_audio/MEMD_audio/310.mp3,True
1357,4.5,6.0,/kaggle/input/datasets/imsparsh/deam-mediaeval-dataset-emotional-analysis-in-music/DEAM_audio/MEMD_audio/1357.mp3,True
1525,4.5,4.5,/kaggle/input/datasets/imsparsh/deam-mediaeval-dataset-emotional-analysis-in-music/DEAM_audio/MEMD_audio/1525.mp3,True
886,5.9,5.4,/kaggle/input/datasets/imsparsh/deam-mediaeval-dataset-emotional-analysis-in-music/DEAM_audio/MEMD_audio/886.mp3,True
308,4.3,6.6,/kaggle/input/datasets/imsparsh/deam-mediaeval-dataset-emotional-analysis-in-music/DEAM_audio/MEMD_audio/308.mp3,True
1340,6.4,5.7,/kaggle/input/datasets/imsparsh/deam-mediaeval-dataset-emotional-analysis-in-music/DEAM_audio/MEMD_audio/1340.mp3,True
169,2.4,2.8,/kaggle/input/datasets/imsparsh/deam-mediaeval-dataset-emotional-analysis-in-music/DEAM_audio/MEMD_audio/169.mp3,True
709,5.8,5.0,/kaggle/input/datasets/imsparsh/deam-mediaeval-dataset-emotional-analysis-in-music/DEAM_audio/MEMD_audio/709.mp3,True
1121,3.9,2.3,/kaggle/input/datasets/imsparsh/deam-mediaeval-dataset-emotional-analysis-in-music/DEAM_audio/MEMD_audio/1121.mp3,True
1634,5.5,6.1,/kaggle/input/datasets/imsparsh/deam-mediaeval-dataset-emotional-analysis-in-music/DEAM_audio/MEMD_audio/1634.mp3,True
1377,3.7,3.1,/kaggle/input/datasets/imsparsh/deam-mediaeval-dataset-emotional-analysis-in-music/DEAM_audio/MEMD_audio/1377.mp3,True
1686,3.7,3.3,/kaggle/input/datasets/imsparsh/deam-mediaeval-dataset-emotional-analysis-in-music/DEAM_audio/MEMD_audio/1686.mp3,True
719,7.1,7.2,/kaggle/input/datasets/imsparsh/deam-mediaeval-dataset-emotional-analysis-in-music/DEAM_audio/MEMD_audio/719.mp3,True
170,3.0,5.0,/kaggle/input/datasets/imsparsh/deam-mediaeval-dataset-emotional-analysis-in-music/DEAM_audio/MEMD_audio/170.mp3,True
1823,2.7,5.6,/kaggle/input/datasets/imsparsh/deam-mediaeval-dataset-emotional-analysis-in-music/DEAM_audio/MEMD_audio/1823.mp3,True
688,4.3,5.0,/kaggle/input/datasets/imsparsh/deam-mediaeval-dataset-emotional-analysis-in-music/DEAM_audio/MEMD_audio/688.mp3,True
266,3.6,4.8,/kaggle/input/datasets/imsparsh/deam-mediaeval-dataset-emotional-analysis-in-music/DEAM_audio/MEMD_audio/266.mp3,True
976,6.2,5.9,/kaggle/input/datasets/imsparsh/deam-mediaeval-dataset-emotional-analysis-in-music/DEAM_audio/MEMD_audio/976.mp3,True
1043,4.9,5.0,/kaggle/input/datasets/imsparsh/deam-mediaeval-dataset-emotional-analysis-in-music/DEAM_audio/MEMD_audio/1043.mp3,True
1344,6.3,5.5,/kaggle/input/datasets/imsparsh/deam-mediaeval-dataset-emotional-analysis-in-music/DEAM_audio/MEMD_audio/1344.mp3,True
497,6.2,5.7,/kaggle/input/datasets/imsparsh/deam-mediaeval-dataset-emotional-analysis-in-music/DEAM_audio/MEMD_audio/497.mp3,True
381,6.0,6.7,/kaggle/input/datasets/imsparsh/deam-mediaeval-dataset-emotional-analysis-in-music/DEAM_audio/MEMD_audio/381.mp3,True
1223,4.6,5.6,/kaggle/input/datasets/imsparsh/deam-mediaeval-dataset-emotional-analysis-in-music/DEAM_audio/MEMD_audio/1223.mp3,True
352,5.5,4.5,/kaggle/input/datasets/imsparsh/deam-mediaeval-dataset-emotional-analysis-in-music/DEAM_audio/MEMD_audio/352.mp3,True
1402,5.6,2.5,/kaggle/input/datasets/imsparsh/deam-mediaeval-dataset-emotional-analysis-in-music/DEAM_audio/MEMD_audio/1402.mp3,True
1291,3.6,2.5,/kaggle/input/datasets/imsparsh/deam-mediaeval-dataset-emotional-analysis-in-music/DEAM_audio/MEMD_audio/1291.mp3,True
1198,3.5,1.8,/kaggle/input/datasets/imsparsh/deam-mediaeval-dataset-emotional-analysis-in-music/DEAM_audio/MEMD_audio/1198.mp3,True
1930,4.6,4.0,/kaggle/input/datasets/imsparsh/deam-mediaeval-dataset-emotional-analysis-in-music/DEAM_audio/MEMD_audio/1930.mp3,True
960,7.7,7.7,/kaggle/input/datasets/imsparsh/deam-mediaeval-dataset-emotional-analysis-in-music/DEAM_audio/MEMD_audio/960.mp3,True
226,4.9,5.0,/kaggle/input/datasets/imsparsh/deam-mediaeval-dataset-emotional-analysis-in-music/DEAM_audio/MEMD_audio/226.mp3,True
550,4.2,5.9,/kaggle/input/datasets/imsparsh/deam-mediaeval-dataset-emotional-analysis-in-music/DEAM_audio/MEMD_audio/550.mp3,True
735,4.3,4.9,/kaggle/input/datasets/imsparsh/deam-mediaeval-dataset-emotional-analysis-in-music/DEAM_audio/MEMD_audio/735.mp3,True
652,3.2,4.3,/kaggle/input/datasets/imsparsh/deam-mediaeval-dataset-emotional-analysis-in-music/DEAM_audio/MEMD_audio/652.mp3,True
784,4.7,5.7,/kaggle/input/datasets/imsparsh/deam-mediaeval-dataset-emotional-analysis-in-music/DEAM_audio/MEMD_audio/784.mp3,True
1809,4.0,4.1,/kaggle/input/datasets/imsparsh/deam-mediaeval-dataset-emotional-analysis-in-music/DEAM_audio/MEMD_audio/1809.mp3,True
1867,4.2,4.0,/kaggle/input/datasets/imsparsh/deam-mediaeval-dataset-emotional-analysis-in-music/DEAM_audio/MEMD_audio/1867.mp3,True
5,4.4,5.3,/kaggle/input/datasets/imsparsh/deam-mediaeval-dataset-emotional-analysis-in-music/DEAM_audio/MEMD_audio/5.mp3,True
1300,6.0,4.5,/kaggle/input/datasets/imsparsh/deam-mediaeval-dataset-emotional-analysis-in-music/DEAM_audio/MEMD_audio/1300.mp3,True
1706,4.9,4.0,/kaggle/input/datasets/imsparsh/deam-mediaeval-dataset-emotional-analysis-in-music/DEAM_audio/MEMD_audio/1706.mp3,True
606,4.1,5.6,/kaggle/input/datasets/imsparsh/deam-mediaeval-dataset-emotional-analysis-in-music/DEAM_audio/MEMD_audio/606.mp3,True
376,5.0,5.9,/kaggle/input/datasets/imsparsh/deam-mediaeval-dataset-emotional-analysis-in-music/DEAM_audio/MEMD_audio/376.mp3,True
8,3.2,4.8,/kaggle/input/datasets/imsparsh/deam-mediaeval-dataset-emotional-analysis-in-music/DEAM_audio/MEMD_audio/8.mp3,True
264,5.3,5.5,/kaggle/input/datasets/imsparsh/deam-mediaeval-dataset-emotional-analysis-in-music/DEAM_audio/MEMD_audio/264.mp3,True
707,3.2,3.1,/kaggle/input/datasets/imsparsh/deam-mediaeval-dataset-emotional-analysis-in-music/DEAM_audio/MEMD_audio/707.mp3,True
273,5.4,7.2,/kaggle/input/datasets/imsparsh/deam-mediaeval-dataset-emotional-analysis-in-music/DEAM_audio/MEMD_audio/273.mp3,True
58,3.3,3.4,/kaggle/input/datasets/imsparsh/deam-mediaeval-dataset-emotional-analysis-in-music/DEAM_audio/MEMD_audio/58.mp3,True
700,4.8,5.6,/kaggle/input/datasets/imsparsh/deam-mediaeval-dataset-emotional-analysis-in-music/DEAM_audio/MEMD_audio/700.mp3,True
290,2.1,3.9,/kaggle/input/datasets/imsparsh/deam-mediaeval-dataset-emotional-analysis-in-music/DEAM_audio/MEMD_audio/290.mp3,True
1284,6.3,6.6,/kaggle/input/datasets/imsparsh/deam-mediaeval-dataset-emotional-analysis-in-music/DEAM_audio/MEMD_audio/1284.mp3,True
167,2.7,3.3,/kaggle/input/datasets/imsparsh/deam-mediaeval-dataset-emotional-analysis-in-music/DEAM_audio/MEMD_audio/167.mp3,True
1337,5.0,6.5,/kaggle/input/datasets/imsparsh/deam-mediaeval-dataset-emotional-analysis-in-music/DEAM_audio/MEMD_audio/1337.mp3,True
1839,6.0,5.7,/kaggle/input/datasets/imsparsh/deam-mediaeval-dataset-emotional-analysis-in-music/DEAM_audio/MEMD_audio/1839.mp3,True
1676,5.6,4.9,/kaggle/input/datasets/imsparsh/deam-mediaeval-dataset-emotional-analysis-in-music/DEAM_audio/MEMD_audio/1676.mp3,True
1106,3.0,3.9,/kaggle/input/datasets/imsparsh/deam-mediaeval-dataset-emotional-analysis-in-music/DEAM_audio/MEMD_audio/1106.mp3,True
1086,5.9,4.3,/kaggle/input/datasets/imsparsh/deam-mediaeval-dataset-emotional-analysis-in-music/DEAM_audio/MEMD_audio/1086.mp3,True
558,2.8,3.2,/kaggle/input/datasets/imsparsh/deam-mediaeval-dataset-emotional-analysis-in-music/DEAM_audio/MEMD_audio/558.mp3,True
1099,5.7,5.9,/kaggle/input/datasets/imsparsh/deam-mediaeval-dataset-emotional-analysis-in-music/DEAM_audio/MEMD_audio/1099.mp3,True
1459,5.4,5.1,/kaggle/input/datasets/imsparsh/deam-mediaeval-dataset-emotional-analysis-in-music/DEAM_audio/MEMD_audio/1459.mp3,True
1546,5.3,4.4,/kaggle/input/datasets/imsparsh/deam-mediaeval-dataset-emotional-analysis-in-music/DEAM_audio/MEMD_audio/1546.mp3,True
1540,5.7,5.1,/kaggle/input/datasets/imsparsh/deam-mediaeval-dataset-emotional-analysis-in-music/DEAM_audio/MEMD_audio/1540.mp3,True
1901,5.2,6.4,/kaggle/input/datasets/imsparsh/deam-mediaeval-dataset-emotional-analysis-in-music/DEAM_audio/MEMD_audio/1901.mp3,True
743,3.1,5.0,/kaggle/input/datasets/imsparsh/deam-mediaeval-dataset-emotional-analysis-in-music/DEAM_audio/MEMD_audio/743.mp3,True
2007,3.4,4.4,/kaggle/input/datasets/imsparsh/deam-mediaeval-dataset-emotional-analysis-in-music/DEAM_audio/MEMD_audio/2007.mp3,True
2028,3.4,6.2,/kaggle/input/datasets/imsparsh/deam-mediaeval-dataset-emotional-analysis-in-music/DEAM_audio/MEMD_audio/2028.mp3,True
867,5.8,6.5,/kaggle/input/datasets/imsparsh/deam-mediaeval-dataset-emotional-analysis-in-music/DEAM_audio/MEMD_audio/867.mp3,True
537,5.0,2.6,/kaggle/input/datasets/imsparsh/deam-mediaeval-dataset-emotional-analysis-in-music/DEAM_audio/MEMD_audio/537.mp3,True
1928,3.7,5.6,/kaggle/input/datasets/imsparsh/deam-mediaeval-dataset-emotional-analysis-in-music/DEAM_audio/MEMD_audio/1928.mp3,True
455,5.4,5.7,/kaggle/input/datasets/imsparsh/deam-mediaeval-dataset-emotional-analysis-in-music/DEAM_audio/MEMD_audio/455.mp3,True
1588,4.9,5.8,/kaggle/input/datasets/imsparsh/deam-mediaeval-dataset-emotional-analysis-in-music/DEAM_audio/MEMD_audio/1588.mp3,True
368,4.8,6.1,/kaggle/input/datasets/imsparsh/deam-mediaeval-dataset-emotional-analysis-in-music/DEAM_audio/MEMD_audio/368.mp3,True
554,2.8,5.0,/kaggle/input/datasets/imsparsh/deam-mediaeval-dataset-emotional-analysis-in-music/DEAM_audio/MEMD_audio/554.mp3,True
1533,5.2,5.3,/kaggle/input/datasets/imsparsh/deam-mediaeval-dataset-emotional-analysis-in-music/DEAM_audio/MEMD_audio/1533.mp3,True
374,7.0,4.9,/kaggle/input/datasets/imsparsh/deam-mediaeval-dataset-emotional-analysis-in-music/DEAM_audio/MEMD_audio/374.mp3,True
332,5.5,6.9,/kaggle/input/datasets/imsparsh/deam-mediaeval-dataset-emotional-analysis-in-music/DEAM_audio/MEMD_audio/332.mp3,True
1879,5.4,6.4,/kaggle/input/datasets/imsparsh/deam-mediaeval-dataset-emotional-analysis-in-music/DEAM_audio/MEMD_audio/1879.mp3,True
1336,3.6,2.7,/kaggle/input/datasets/imsparsh/deam-mediaeval-dataset-emotional-analysis-in-music/DEAM_audio/MEMD_audio/1336.mp3,True
1613,6.2,6.6,/kaggle/input/datasets/imsparsh/deam-mediaeval-dataset-emotional-analysis-in-music/DEAM_audio/MEMD_audio/1613.mp3,True
519,6.8,5.3,/kaggle/input/datasets/imsparsh/deam-mediaeval-dataset-emotional-analysis-in-music/DEAM_audio/MEMD_audio/519.mp3,True
713,4.9,6.3,/kaggle/input/datasets/imsparsh/deam-mediaeval-dataset-emotional-analysis-in-music/DEAM_audio/MEMD_audio/713.mp3,True
764,6.3,7.5,/kaggle/input/datasets/imsparsh/deam-mediaeval-dataset-emotional-analysis-in-music/DEAM_audio/MEMD_audio/764.mp3,True
2022,3.8,4.4,/kaggle/input/datasets/imsparsh/deam-mediaeval-dataset-emotional-analysis-in-music/DEAM_audio/MEMD_audio/2022.mp3,True
445,2.4,4.6,/kaggle/input/datasets/imsparsh/deam-mediaeval-dataset-emotional-analysis-in-music/DEAM_audio/MEMD_audio/445.mp3,True
1510,4.1,5.6,/kaggle/input/datasets/imsparsh/deam-mediaeval-dataset-emotional-analysis-in-music/DEAM_audio/MEMD_audio/1510.mp3,True
1171,3.6,1.9,/kaggle/input/datasets/imsparsh/deam-mediaeval-dataset-emotional-analysis-in-music/DEAM_audio/MEMD_audio/1171.mp3,True
1454,5.2,3.6,/kaggle/input/datasets/imsparsh/deam-mediaeval-dataset-emotional-analysis-in-music/DEAM_audio/MEMD_audio/1454.mp3,True
1715,5.9,5.6,/kaggle/input/datasets/imsparsh/deam-mediaeval-dataset-emotional-analysis-in-music/DEAM_audio/MEMD_audio/1715.mp3,True
1943,4.2,4.4,/kaggle/input/datasets/imsparsh/deam-mediaeval-dataset-emotional-analysis-in-music/DEAM_audio/MEMD_audio/1943.mp3,True
272,5.9,6.4,/kaggle/input/datasets/imsparsh/deam-mediaeval-dataset-emotional-analysis-in-music/DEAM_audio/MEMD_audio/272.mp3,True
1615,5.7,4.6,/kaggle/input/datasets/imsparsh/deam-mediaeval-dataset-emotional-analysis-in-music/DEAM_audio/MEMD_audio/1615.mp3,True
1463,3.3,3.0,/kaggle/input/datasets/imsparsh/deam-mediaeval-dataset-emotional-analysis-in-music/DEAM_audio/MEMD_audio/1463.mp3,True
1453,4.0,3.8,/kaggle/input/datasets/imsparsh/deam-mediaeval-dataset-emotional-analysis-in-music/DEAM_audio/MEMD_audio/1453.mp3,True
1222,4.1,3.2,/kaggle/input/datasets/imsparsh/deam-mediaeval-dataset-emotional-analysis-in-music/DEAM_audio/MEMD_audio/1222.mp3,True
89,4.5,4.8,/kaggle/input/datasets/imsparsh/deam-mediaeval-dataset-emotional-analysis-in-music/DEAM_audio/MEMD_audio/89.mp3,True
478,2.8,3.2,/kaggle/input/datasets/imsparsh/deam-mediaeval-dataset-emotional-analysis-in-music/DEAM_audio/MEMD_audio/478.mp3,True
741,4.6,4.4,/kaggle/input/datasets/imsparsh/deam-mediaeval-dataset-emotional-analysis-in-music/DEAM_audio/MEMD_audio/741.mp3,True
42,6.1,5.1,/kaggle/input/datasets/imsparsh/deam-mediaeval-dataset-emotional-analysis-in-music/DEAM_audio/MEMD_audio/42.mp3,True
245,4.2,6.1,/kaggle/input/datasets/imsparsh/deam-mediaeval-dataset-emotional-analysis-in-music/DEAM_audio/MEMD_audio/245.mp3,True
1643,4.4,4.3,/kaggle/input/datasets/imsparsh/deam-mediaeval-dataset-emotional-analysis-in-music/DEAM_audio/MEMD_audio/1643.mp3,True
175,3.7,4.3,/kaggle/input/datasets/imsparsh/deam-mediaeval-dataset-emotional-analysis-in-music/DEAM_audio/MEMD_audio/175.mp3,True
693,6.2,5.3,/kaggle/input/datasets/imsparsh/deam-mediaeval-dataset-emotional-analysis-in-music/DEAM_audio/MEMD_audio/693.mp3,True
1068,5.9,5.3,/kaggle/input/datasets/imsparsh/deam-mediaeval-dataset-emotional-analysis-in-music/DEAM_audio/MEMD_audio/1068.mp3,True
1489,4.9,4.6,/kaggle/input/datasets/imsparsh/deam-mediaeval-dataset-emotional-analysis-in-music/DEAM_audio/MEMD_audio/1489.mp3,True
1975,4.7,5.6,/kaggle/input/datasets/imsparsh/deam-mediaeval-dataset-emotional-analysis-in-music/DEAM_audio/MEMD_audio/1975.mp3,True
111,5.3,5.3,/kaggle/input/datasets/imsparsh/deam-mediaeval-dataset-emotional-analysis-in-music/DEAM_audio/MEMD_audio/111.mp3,True
1881,5.0,5.2,/kaggle/input/datasets/imsparsh/deam-mediaeval-dataset-emotional-analysis-in-music/DEAM_audio/MEMD_audio/1881.mp3,True
322,6.1,7.6,/kaggle/input/datasets/imsparsh/deam-mediaeval-dataset-emotional-analysis-in-music/DEAM_audio/MEMD_audio/322.mp3,True
1420,4.8,3.1,/kaggle/input/datasets/imsparsh/deam-mediaeval-dataset-emotional-analysis-in-music/DEAM_audio/MEMD_audio/1420.mp3,True
1692,3.8,3.3,/kaggle/input/datasets/imsparsh/deam-mediaeval-dataset-emotional-analysis-in-music/DEAM_audio/MEMD_audio/1692.mp3,True
1183,3.7,3.2,/kaggle/input/datasets/imsparsh/deam-mediaeval-dataset-emotional-analysis-in-music/DEAM_audio/MEMD_audio/1183.mp3,True
1883,5.6,4.5,/kaggle/input/datasets/imsparsh/deam-mediaeval-dataset-emotional-analysis-in-music/DEAM_audio/MEMD_audio/1883.mp3,True
820,6.4,6.4,/kaggle/input/datasets/imsparsh/deam-mediaeval-dataset-emotional-analysis-in-music/DEAM_audio/MEMD_audio/820.mp3,True
1493,4.0,6.1,/kaggle/input/datasets/imsparsh/deam-mediaeval-dataset-emotional-analysis-in-music/DEAM_audio/MEMD_audio/1493.mp3,True
1941,5.2,4.4,/kaggle/input/datasets/imsparsh/deam-mediaeval-dataset-emotional-analysis-in-music/DEAM_audio/MEMD_audio/1941.mp3,True
1174,3.6,3.3,/kaggle/input/datasets/imsparsh/deam-mediaeval-dataset-emotional-analysis-in-music/DEAM_audio/MEMD_audio/1174.mp3,True
1492,3.3,2.8,/kaggle/input/datasets/imsparsh/deam-mediaeval-dataset-emotional-analysis-in-music/DEAM_audio/MEMD_audio/1492.mp3,True
1894,4.8,4.8,/kaggle/input/datasets/imsparsh/deam-mediaeval-dataset-emotional-analysis-in-music/DEAM_audio/MEMD_audio/1894.mp3,True
654,5.1,4.4,/kaggle/input/datasets/imsparsh/deam-mediaeval-dataset-emotional-analysis-in-music/DEAM_audio/MEMD_audio/654.mp3,True
323,4.82,5.73,/kaggle/input/datasets/imsparsh/deam-mediaeval-dataset-emotional-analysis-in-music/DEAM_audio/MEMD_audio/323.mp3,True
1924,5.3,5.7,/kaggle/input/datasets/imsparsh/deam-mediaeval-dataset-emotional-analysis-in-music/DEAM_audio/MEMD_audio/1924.mp3,True
1447,4.4,4.1,/kaggle/input/datasets/imsparsh/deam-mediaeval-dataset-emotional-analysis-in-music/DEAM_audio/MEMD_audio/1447.mp3,True
436,4.3,5.2,/kaggle/input/datasets/imsparsh/deam-mediaeval-dataset-emotional-analysis-in-music/DEAM_audio/MEMD_audio/436.mp3,True
1712,4.4,2.9,/kaggle/input/datasets/imsparsh/deam-mediaeval-dataset-emotional-analysis-in-music/DEAM_audio/MEMD_audio/1712.mp3,True
808,3.1,4.3,/kaggle/input/datasets/imsparsh/deam-mediaeval-dataset-emotional-analysis-in-music/DEAM_audio/MEMD_audio/808.mp3,True
4,5.7,5.5,/kaggle/input/datasets/imsparsh/deam-mediaeval-dataset-emotional-analysis-in-music/DEAM_audio/MEMD_audio/4.mp3,True
10,4.0,4.7,/kaggle/input/datasets/imsparsh/deam-mediaeval-dataset-emotional-analysis-in-music/DEAM_audio/MEMD_audio/10.mp3,True
1609,6.4,6.5,/kaggle/input/datasets/imsparsh/deam-mediaeval-dataset-emotional-analysis-in-music/DEAM_audio/MEMD_audio/1609.mp3,True
365,6.0,7.1,/kaggle/input/datasets/imsparsh/deam-mediaeval-dataset-emotional-analysis-in-music/DEAM_audio/MEMD_audio/365.mp3,True
1849,6.0,5.8,/kaggle/input/datasets/imsparsh/deam-mediaeval-dataset-emotional-analysis-in-music/DEAM_audio/MEMD_audio/1849.mp3,True
1368,3.4,3.3,/kaggle/input/datasets/imsparsh/deam-mediaeval-dataset-emotional-analysis-in-music/DEAM_audio/MEMD_audio/1368.mp3,True
873,6.8,7.0,/kaggle/input/datasets/imsparsh/deam-mediaeval-dataset-emotional-analysis-in-music/DEAM_audio/MEMD_audio/873.mp3,True
440,5.3,6.3,/kaggle/input/datasets/imsparsh/deam-mediaeval-dataset-emotional-analysis-in-music/DEAM_audio/MEMD_audio/440.mp3,True
2031,4.6,3.4,/kaggle/input/datasets/imsparsh/deam-mediaeval-dataset-emotional-analysis-in-music/DEAM_audio/MEMD_audio/2031.mp3,True
250,3.4,3.6,/kaggle/input/datasets/imsparsh/deam-mediaeval-dataset-emotional-analysis-in-music/DEAM_audio/MEMD_audio/250.mp3,True
1699,5.1,5.0,/kaggle/input/datasets/imsparsh/deam-mediaeval-dataset-emotional-analysis-in-music/DEAM_audio/MEMD_audio/1699.mp3,True
45,5.1,2.1,/kaggle/input/datasets/imsparsh/deam-mediaeval-dataset-emotional-analysis-in-music/DEAM_audio/MEMD_audio/45.mp3,True
1550,4.8,3.7,/kaggle/input/datasets/imsparsh/deam-mediaeval-dataset-emotional-analysis-in-music/DEAM_audio/MEMD_audio/1550.mp3,True
681,4.9,6.6,/kaggle/input/datasets/imsparsh/deam-mediaeval-dataset-emotional-analysis-in-music/DEAM_audio/MEMD_audio/681.mp3,True
1909,4.9,5.0,/kaggle/input/datasets/imsparsh/deam-mediaeval-dataset-emotional-analysis-in-music/DEAM_audio/MEMD_audio/1909.mp3,True
1205,6.0,5.7,/kaggle/input/datasets/imsparsh/deam-mediaeval-dataset-emotional-analysis-in-music/DEAM_audio/MEMD_audio/1205.mp3,True
833,5.0,5.8,/kaggle/input/datasets/imsparsh/deam-mediaeval-dataset-emotional-analysis-in-music/DEAM_audio/MEMD_audio/833.mp3,True
355,5.1,6.5,/kaggle/input/datasets/imsparsh/deam-mediaeval-dataset-emotional-analysis-in-music/DEAM_audio/MEMD_audio/355.mp3,True
967,2.8,4.4,/kaggle/input/datasets/imsparsh/deam-mediaeval-dataset-emotional-analysis-in-music/DEAM_audio/MEMD_audio/967.mp3,True
921,5.9,6.1,/kaggle/input/datasets/imsparsh/deam-mediaeval-dataset-emotional-analysis-in-music/DEAM_audio/MEMD_audio/921.mp3,True
1972,6.0,5.9,/kaggle/input/datasets/imsparsh/deam-mediaeval-dataset-emotional-analysis-in-music/DEAM_audio/MEMD_audio/1972.mp3,True
1482,4.3,3.4,/kaggle/input/datasets/imsparsh/deam-mediaeval-dataset-emotional-analysis-in-music/DEAM_audio/MEMD_audio/1482.mp3,True
811,4.1,4.9,/kaggle/input/datasets/imsparsh/deam-mediaeval-dataset-emotional-analysis-in-music/DEAM_audio/MEMD_audio/811.mp3,True
12,5.5,5.8,/kaggle/input/datasets/imsparsh/deam-mediaeval-dataset-emotional-analysis-in-music/DEAM_audio/MEMD_audio/12.mp3,True
306,5.7,6.7,/kaggle/input/datasets/imsparsh/deam-mediaeval-dataset-emotional-analysis-in-music/DEAM_audio/MEMD_audio/306.mp3,True
1060,5.2,6.1,/kaggle/input/datasets/imsparsh/deam-mediaeval-dataset-emotional-analysis-in-music/DEAM_audio/MEMD_audio/1060.mp3,True
43,6.7,3.5,/kaggle/input/datasets/imsparsh/deam-mediaeval-dataset-emotional-analysis-in-music/DEAM_audio/MEMD_audio/43.mp3,True
399,6.7,7.0,/kaggle/input/datasets/imsparsh/deam-mediaeval-dataset-emotional-analysis-in-music/DEAM_audio/MEMD_audio/399.mp3,True
734,5.7,6.3,/kaggle/input/datasets/imsparsh/deam-mediaeval-dataset-emotional-analysis-in-music/DEAM_audio/MEMD_audio/734.mp3,True
69,3.2,3.9,/kaggle/input/datasets/imsparsh/deam-mediaeval-dataset-emotional-analysis-in-music/DEAM_audio/MEMD_audio/69.mp3,True
1590,4.2,6.2,/kaggle/input/datasets/imsparsh/deam-mediaeval-dataset-emotional-analysis-in-music/DEAM_audio/MEMD_audio/1590.mp3,True
133,2.8,2.2,/kaggle/input/datasets/imsparsh/deam-mediaeval-dataset-emotional-analysis-in-music/DEAM_audio/MEMD_audio/133.mp3,True
419,3.3,4.0,/kaggle/input/datasets/imsparsh/deam-mediaeval-dataset-emotional-analysis-in-music/DEAM_audio/MEMD_audio/419.mp3,True
78,3.4,3.9,/kaggle/input/datasets/imsparsh/deam-mediaeval-dataset-emotional-analysis-in-music/DEAM_audio/MEMD_audio/78.mp3,True
285,3.5,5.1,/kaggle/input/datasets/imsparsh/deam-mediaeval-dataset-emotional-analysis-in-music/DEAM_audio/MEMD_audio/285.mp3,True
247,3.9,4.5,/kaggle/input/datasets/imsparsh/deam-mediaeval-dataset-emotional-analysis-in-music/DEAM_audio/MEMD_audio/247.mp3,True
150,5.0,5.4,/kaggle/input/datasets/imsparsh/deam-mediaeval-dataset-emotional-analysis-in-music/DEAM_audio/MEMD_audio/150.mp3,True
1391,4.3,5.7,/kaggle/input/datasets/imsparsh/deam-mediaeval-dataset-emotional-analysis-in-music/DEAM_audio/MEMD_audio/1391.mp3,True
1828,5.8,6.6,/kaggle/input/datasets/imsparsh/deam-mediaeval-dataset-emotional-analysis-in-music/DEAM_audio/MEMD_audio/1828.mp3,True
1050,6.0,5.8,/kaggle/input/datasets/imsparsh/deam-mediaeval-dataset-emotional-analysis-in-music/DEAM_audio/MEMD_audio/1050.mp3,True
96,6.8,6.9,/kaggle/input/datasets/imsparsh/deam-mediaeval-dataset-emotional-analysis-in-music/DEAM_audio/MEMD_audio/96.mp3,True
1179,3.4,4.1,/kaggle/input/datasets/imsparsh/deam-mediaeval-dataset-emotional-analysis-in-music/DEAM_audio/MEMD_audio/1179.mp3,True
1069,4.3,5.6,/kaggle/input/datasets/imsparsh/deam-mediaeval-dataset-emotional-analysis-in-music/DEAM_audio/MEMD_audio/1069.mp3,True
1813,6.1,5.7,/kaggle/input/datasets/imsparsh/deam-mediaeval-dataset-emotional-analysis-in-music/DEAM_audio/MEMD_audio/1813.mp3,True
103,5.6,3.3,/kaggle/input/datasets/imsparsh/deam-mediaeval-dataset-emotional-analysis-in-music/DEAM_audio/MEMD_audio/103.mp3,True
1201,6.0,5.5,/kaggle/input/datasets/imsparsh/deam-mediaeval-dataset-emotional-analysis-in-music/DEAM_audio/MEMD_audio/1201.mp3,True
1270,4.6,5.3,/kaggle/input/datasets/imsparsh/deam-mediaeval-dataset-emotional-analysis-in-music/DEAM_audio/MEMD_audio/1270.mp3,True
67,7.2,6.8,/kaggle/input/datasets/imsparsh/deam-mediaeval-dataset-emotional-analysis-in-music/DEAM_audio/MEMD_audio/67.mp3,True
1768,4.1,3.1,/kaggle/input/datasets/imsparsh/deam-mediaeval-dataset-emotional-analysis-in-music/DEAM_audio/MEMD_audio/1768.mp3,True
676,6.6,6.6,/kaggle/input/datasets/imsparsh/deam-mediaeval-dataset-emotional-analysis-in-music/DEAM_audio/MEMD_audio/676.mp3,True
278,5.5,5.1,/kaggle/input/datasets/imsparsh/deam-mediaeval-dataset-emotional-analysis-in-music/DEAM_audio/MEMD_audio/278.mp3,True
845,5.1,4.0,/kaggle/input/datasets/imsparsh/deam-mediaeval-dataset-emotional-analysis-in-music/DEAM_audio/MEMD_audio/845.mp3,True
1581,6.5,6.1,/kaggle/input/datasets/imsparsh/deam-mediaeval-dataset-emotional-analysis-in-music/DEAM_audio/MEMD_audio/1581.mp3,True
1617,6.1,5.9,/kaggle/input/datasets/imsparsh/deam-mediaeval-dataset-emotional-analysis-in-music/DEAM_audio/MEMD_audio/1617.mp3,True
1723,4.3,3.4,/kaggle/input/datasets/imsparsh/deam-mediaeval-dataset-emotional-analysis-in-music/DEAM_audio/MEMD_audio/1723.mp3,True
690,2.4,4.4,/kaggle/input/datasets/imsparsh/deam-mediaeval-dataset-emotional-analysis-in-music/DEAM_audio/MEMD_audio/690.mp3,True
1427,5.0,4.9,/kaggle/input/datasets/imsparsh/deam-mediaeval-dataset-emotional-analysis-in-music/DEAM_audio/MEMD_audio/1427.mp3,True
1618,6.1,3.9,/kaggle/input/datasets/imsparsh/deam-mediaeval-dataset-emotional-analysis-in-music/DEAM_audio/MEMD_audio/1618.mp3,True
781,4.9,6.3,/kaggle/input/datasets/imsparsh/deam-mediaeval-dataset-emotional-analysis-in-music/DEAM_audio/MEMD_audio/781.mp3,True
600,3.5,4.0,/kaggle/input/datasets/imsparsh/deam-mediaeval-dataset-emotional-analysis-in-music/DEAM_audio/MEMD_audio/600.mp3,True
1608,4.5,7.0,/kaggle/input/datasets/imsparsh/deam-mediaeval-dataset-emotional-analysis-in-music/DEAM_audio/MEMD_audio/1608.mp3,True
1045,4.4,3.1,/kaggle/input/datasets/imsparsh/deam-mediaeval-dataset-emotional-analysis-in-music/DEAM_audio/MEMD_audio/1045.mp3,True
2004,5.0,4.8,/kaggle/input/datasets/imsparsh/deam-mediaeval-dataset-emotional-analysis-in-music/DEAM_audio/MEMD_audio/2004.mp3,True
1325,5.9,5.8,/kaggle/input/datasets/imsparsh/deam-mediaeval-dataset-emotional-analysis-in-music/DEAM_audio/MEMD_audio/1325.mp3,True
1433,4.0,3.6,/kaggle/input/datasets/imsparsh/deam-mediaeval-dataset-emotional-analysis-in-music/DEAM_audio/MEMD_audio/1433.mp3,True
83,6.1,5.8,/kaggle/input/datasets/imsparsh/deam-mediaeval-dataset-emotional-analysis-in-music/DEAM_audio/MEMD_audio/83.mp3,True
1435,3.6,5.3,/kaggle/input/datasets/imsparsh/deam-mediaeval-dataset-emotional-analysis-in-music/DEAM_audio/MEMD_audio/1435.mp3,True
1771,4.9,5.3,/kaggle/input/datasets/imsparsh/deam-mediaeval-dataset-emotional-analysis-in-music/DEAM_audio/MEMD_audio/1771.mp3,True
118,4.9,4.6,/kaggle/input/datasets/imsparsh/deam-mediaeval-dataset-emotional-analysis-in-music/DEAM_audio/MEMD_audio/118.mp3,True
874,6.3,4.4,/kaggle/input/datasets/imsparsh/deam-mediaeval-dataset-emotional-analysis-in-music/DEAM_audio/MEMD_audio/874.mp3,True
1244,4.6,3.7,/kaggle/input/datasets/imsparsh/deam-mediaeval-dataset-emotional-analysis-in-music/DEAM_audio/MEMD_audio/1244.mp3,True
1781,4.2,2.7,/kaggle/input/datasets/imsparsh/deam-mediaeval-dataset-emotional-analysis-in-music/DEAM_audio/MEMD_audio/1781.mp3,True
227,3.1,3.5,/kaggle/input/datasets/imsparsh/deam-mediaeval-dataset-emotional-analysis-in-music/DEAM_audio/MEMD_audio/227.mp3,True
330,5.9,3.1,/kaggle/input/datasets/imsparsh/deam-mediaeval-dataset-emotional-analysis-in-music/DEAM_audio/MEMD_audio/330.mp3,True
928,5.0,4.0,/kaggle/input/datasets/imsparsh/deam-mediaeval-dataset-emotional-analysis-in-music/DEAM_audio/MEMD_audio/928.mp3,True
1612,3.8,3.1,/kaggle/input/datasets/imsparsh/deam-mediaeval-dataset-emotional-analysis-in-music/DEAM_audio/MEMD_audio/1612.mp3,True
431,6.1,5.5,/kaggle/input/datasets/imsparsh/deam-mediaeval-dataset-emotional-analysis-in-music/DEAM_audio/MEMD_audio/431.mp3,True
1280,5.9,5.4,/kaggle/input/datasets/imsparsh/deam-mediaeval-dataset-emotional-analysis-in-music/DEAM_audio/MEMD_audio/1280.mp3,True
672,4.4,6.3,/kaggle/input/datasets/imsparsh/deam-mediaeval-dataset-emotional-analysis-in-music/DEAM_audio/MEMD_audio/672.mp3,True
1573,4.9,3.6,/kaggle/input/datasets/imsparsh/deam-mediaeval-dataset-emotional-analysis-in-music/DEAM_audio/MEMD_audio/1573.mp3,True
1351,6.3,5.9,/kaggle/input/datasets/imsparsh/deam-mediaeval-dataset-emotional-analysis-in-music/DEAM_audio/MEMD_audio/1351.mp3,True
1261,3.8,3.1,/kaggle/input/datasets/imsparsh/deam-mediaeval-dataset-emotional-analysis-in-music/DEAM_audio/MEMD_audio/1261.mp3,True
1318,4.8,4.3,/kaggle/input/datasets/imsparsh/deam-mediaeval-dataset-emotional-analysis-in-music/DEAM_audio/MEMD_audio/1318.mp3,True
1104,4.2,4.4,/kaggle/input/datasets/imsparsh/deam-mediaeval-dataset-emotional-analysis-in-music/DEAM_audio/MEMD_audio/1104.mp3,True
215,3.2,2.6,/kaggle/input/datasets/imsparsh/deam-mediaeval-dataset-emotional-analysis-in-music/DEAM_audio/MEMD_audio/215.mp3,True
1487,4.3,2.4,/kaggle/input/datasets/imsparsh/deam-mediaeval-dataset-emotional-analysis-in-music/DEAM_audio/MEMD_audio/1487.mp3,True
1497,4.4,3.6,/kaggle/input/datasets/imsparsh/deam-mediaeval-dataset-emotional-analysis-in-music/DEAM_audio/MEMD_audio/1497.mp3,True
137,4.3,5.8,/kaggle/input/datasets/imsparsh/deam-mediaeval-dataset-emotional-analysis-in-music/DEAM_audio/MEMD_audio/137.mp3,True
1825,4.8,4.5,/kaggle/input/datasets/imsparsh/deam-mediaeval-dataset-emotional-analysis-in-music/DEAM_audio/MEMD_audio/1825.mp3,True
1388,6.8,7.8,/kaggle/input/datasets/imsparsh/deam-mediaeval-dataset-emotional-analysis-in-music/DEAM_audio/MEMD_audio/1388.mp3,True
1365,6.5,6.4,/kaggle/input/datasets/imsparsh/deam-mediaeval-dataset-emotional-analysis-in-music/DEAM_audio/MEMD_audio/1365.mp3,True
62,6.2,3.9,/kaggle/input/datasets/imsparsh/deam-mediaeval-dataset-emotional-analysis-in-music/DEAM_audio/MEMD_audio/62.mp3,True
1003,5.3,3.3,/kaggle/input/datasets/imsparsh/deam-mediaeval-dataset-emotional-analysis-in-music/DEAM_audio/MEMD_audio/1003.mp3,True
155,3.6,5.4,/kaggle/input/datasets/imsparsh/deam-mediaeval-dataset-emotional-analysis-in-music/DEAM_audio/MEMD_audio/155.mp3,True
238,3.0,4.6,/kaggle/input/datasets/imsparsh/deam-mediaeval-dataset-emotional-analysis-in-music/DEAM_audio/MEMD_audio/238.mp3,True
1358,6.0,6.0,/kaggle/input/datasets/imsparsh/deam-mediaeval-dataset-emotional-analysis-in-music/DEAM_audio/MEMD_audio/1358.mp3,True
74,3.0,4.3,/kaggle/input/datasets/imsparsh/deam-mediaeval-dataset-emotional-analysis-in-music/DEAM_audio/MEMD_audio/74.mp3,True
1605,5.6,4.0,/kaggle/input/datasets/imsparsh/deam-mediaeval-dataset-emotional-analysis-in-music/DEAM_audio/MEMD_audio/1605.mp3,True
704,4.1,4.2,/kaggle/input/datasets/imsparsh/deam-mediaeval-dataset-emotional-analysis-in-music/DEAM_audio/MEMD_audio/704.mp3,True
91,4.5,5.5,/kaggle/input/datasets/imsparsh/deam-mediaeval-dataset-emotional-analysis-in-music/DEAM_audio/MEMD_audio/91.mp3,True
1287,4.5,4.3,/kaggle/input/datasets/imsparsh/deam-mediaeval-dataset-emotional-analysis-in-music/DEAM_audio/MEMD_audio/1287.mp3,True
1526,5.9,5.9,/kaggle/input/datasets/imsparsh/deam-mediaeval-dataset-emotional-analysis-in-music/DEAM_audio/MEMD_audio/1526.mp3,True
657,5.1,5.6,/kaggle/input/datasets/imsparsh/deam-mediaeval-dataset-emotional-analysis-in-music/DEAM_audio/MEMD_audio/657.mp3,True
1652,7.2,6.3,/kaggle/input/datasets/imsparsh/deam-mediaeval-dataset-emotional-analysis-in-music/DEAM_audio/MEMD_audio/1652.mp3,True
387,6.2,6.2,/kaggle/input/datasets/imsparsh/deam-mediaeval-dataset-emotional-analysis-in-music/DEAM_audio/MEMD_audio/387.mp3,True
1306,5.3,5.3,/kaggle/input/datasets/imsparsh/deam-mediaeval-dataset-emotional-analysis-in-music/DEAM_audio/MEMD_audio/1306.mp3,True
216,4.5,5.3,/kaggle/input/datasets/imsparsh/deam-mediaeval-dataset-emotional-analysis-in-music/DEAM_audio/MEMD_audio/216.mp3,True
168,3.3,3.4,/kaggle/input/datasets/imsparsh/deam-mediaeval-dataset-emotional-analysis-in-music/DEAM_audio/MEMD_audio/168.mp3,True
1156,7.0,5.6,/kaggle/input/datasets/imsparsh/deam-mediaeval-dataset-emotional-analysis-in-music/DEAM_audio/MEMD_audio/1156.mp3,True
1053,4.5,6.3,/kaggle/input/datasets/imsparsh/deam-mediaeval-dataset-emotional-analysis-in-music/DEAM_audio/MEMD_audio/1053.mp3,True
162,3.7,4.6,/kaggle/input/datasets/imsparsh/deam-mediaeval-dataset-emotional-analysis-in-music/DEAM_audio/MEMD_audio/162.mp3,True
106,4.6,3.3,/kaggle/input/datasets/imsparsh/deam-mediaeval-dataset-emotional-analysis-in-music/DEAM_audio/MEMD_audio/106.mp3,True
1985,4.8,5.6,/kaggle/input/datasets/imsparsh/deam-mediaeval-dataset-emotional-analysis-in-music/DEAM_audio/MEMD_audio/1985.mp3,True
699,3.7,4.5,/kaggle/input/datasets/imsparsh/deam-mediaeval-dataset-emotional-analysis-in-music/DEAM_audio/MEMD_audio/699.mp3,True
1697,3.3,2.8,/kaggle/input/datasets/imsparsh/deam-mediaeval-dataset-emotional-analysis-in-music/DEAM_audio/MEMD_audio/1697.mp3,True
1240,2.7,2.6,/kaggle/input/datasets/imsparsh/deam-mediaeval-dataset-emotional-analysis-in-music/DEAM_audio/MEMD_audio/1240.mp3,True
197,2.2,2.8,/kaggle/input/datasets/imsparsh/deam-mediaeval-dataset-emotional-analysis-in-music/DEAM_audio/MEMD_audio/197.mp3,True
298,4.0,5.4,/kaggle/input/datasets/imsparsh/deam-mediaeval-dataset-emotional-analysis-in-music/DEAM_audio/MEMD_audio/298.mp3,True
560,2.9,4.6,/kaggle/input/datasets/imsparsh/deam-mediaeval-dataset-emotional-analysis-in-music/DEAM_audio/MEMD_audio/560.mp3,True
1722,5.0,3.1,/kaggle/input/datasets/imsparsh/deam-mediaeval-dataset-emotional-analysis-in-music/DEAM_audio/MEMD_audio/1722.mp3,True
1115,4.4,3.9,/kaggle/input/datasets/imsparsh/deam-mediaeval-dataset-emotional-analysis-in-music/DEAM_audio/MEMD_audio/1115.mp3,True
1501,5.0,4.9,/kaggle/input/datasets/imsparsh/deam-mediaeval-dataset-emotional-analysis-in-music/DEAM_audio/MEMD_audio/1501.mp3,True
123,6.1,6.2,/kaggle/input/datasets/imsparsh/deam-mediaeval-dataset-emotional-analysis-in-music/DEAM_audio/MEMD_audio/123.mp3,True
2032,5.2,4.4,/kaggle/input/datasets/imsparsh/deam-mediaeval-dataset-emotional-analysis-in-music/DEAM_audio/MEMD_audio/2032.mp3,True
993,4.4,3.8,/kaggle/input/datasets/imsparsh/deam-mediaeval-dataset-emotional-analysis-in-music/DEAM_audio/MEMD_audio/993.mp3,True
2045,4.8,3.2,/kaggle/input/datasets/imsparsh/deam-mediaeval-dataset-emotional-analysis-in-music/DEAM_audio/MEMD_audio/2045.mp3,True
128,3.6,4.0,/kaggle/input/datasets/imsparsh/deam-mediaeval-dataset-emotional-analysis-in-music/DEAM_audio/MEMD_audio/128.mp3,True
535,6.1,6.5,/kaggle/input/datasets/imsparsh/deam-mediaeval-dataset-emotional-analysis-in-music/DEAM_audio/MEMD_audio/535.mp3,True
99,4.3,4.1,/kaggle/input/datasets/imsparsh/deam-mediaeval-dataset-emotional-analysis-in-music/DEAM_audio/MEMD_audio/99.mp3,True
1872,4.5,4.2,/kaggle/input/datasets/imsparsh/deam-mediaeval-dataset-emotional-analysis-in-music/DEAM_audio/MEMD_audio/1872.mp3,True
1346,6.5,5.6,/kaggle/input/datasets/imsparsh/deam-mediaeval-dataset-emotional-analysis-in-music/DEAM_audio/MEMD_audio/1346.mp3,True
1175,3.7,3.4,/kaggle/input/datasets/imsparsh/deam-mediaeval-dataset-emotional-analysis-in-music/DEAM_audio/MEMD_audio/1175.mp3,True
1804,5.7,5.9,/kaggle/input/datasets/imsparsh/deam-mediaeval-dataset-emotional-analysis-in-music/DEAM_audio/MEMD_audio/1804.mp3,True
1767,3.8,2.4,/kaggle/input/datasets/imsparsh/deam-mediaeval-dataset-emotional-analysis-in-music/DEAM_audio/MEMD_audio/1767.mp3,True
1721,4.2,2.9,/kaggle/input/datasets/imsparsh/deam-mediaeval-dataset-emotional-analysis-in-music/DEAM_audio/MEMD_audio/1721.mp3,True
1019,4.3,2.8,/kaggle/input/datasets/imsparsh/deam-mediaeval-dataset-emotional-analysis-in-music/DEAM_audio/MEMD_audio/1019.mp3,True
1246,4.5,3.1,/kaggle/input/datasets/imsparsh/deam-mediaeval-dataset-emotional-analysis-in-music/DEAM_audio/MEMD_audio/1246.mp3,True
469,5.1,5.3,/kaggle/input/datasets/imsparsh/deam-mediaeval-dataset-emotional-analysis-in-music/DEAM_audio/MEMD_audio/469.mp3,True
281,5.4,7.0,/kaggle/input/datasets/imsparsh/deam-mediaeval-dataset-emotional-analysis-in-music/DEAM_audio/MEMD_audio/281.mp3,True
317,6.1,4.3,/kaggle/input/datasets/imsparsh/deam-mediaeval-dataset-emotional-analysis-in-music/DEAM_audio/MEMD_audio/317.mp3,True
1610,6.4,4.1,/kaggle/input/datasets/imsparsh/deam-mediaeval-dataset-emotional-analysis-in-music/DEAM_audio/MEMD_audio/1610.mp3,True
146,2.4,3.5,/kaggle/input/datasets/imsparsh/deam-mediaeval-dataset-emotional-analysis-in-music/DEAM_audio/MEMD_audio/146.mp3,True
1707,3.5,4.0,/kaggle/input/datasets/imsparsh/deam-mediaeval-dataset-emotional-analysis-in-music/DEAM_audio/MEMD_audio/1707.mp3,True
887,5.1,5.6,/kaggle/input/datasets/imsparsh/deam-mediaeval-dataset-emotional-analysis-in-music/DEAM_audio/MEMD_audio/887.mp3,True
299,2.8,4.3,/kaggle/input/datasets/imsparsh/deam-mediaeval-dataset-emotional-analysis-in-music/DEAM_audio/MEMD_audio/299.mp3,True
1565,4.6,4.9,/kaggle/input/datasets/imsparsh/deam-mediaeval-dataset-emotional-analysis-in-music/DEAM_audio/MEMD_audio/1565.mp3,True
120,3.8,5.0,/kaggle/input/datasets/imsparsh/deam-mediaeval-dataset-emotional-analysis-in-music/DEAM_audio/MEMD_audio/120.mp3,True
51,3.6,3.2,/kaggle/input/datasets/imsparsh/deam-mediaeval-dataset-emotional-analysis-in-music/DEAM_audio/MEMD_audio/51.mp3,True
1576,5.4,3.9,/kaggle/input/datasets/imsparsh/deam-mediaeval-dataset-emotional-analysis-in-music/DEAM_audio/MEMD_audio/1576.mp3,True
2002,6.4,5.2,/kaggle/input/datasets/imsparsh/deam-mediaeval-dataset-emotional-analysis-in-music/DEAM_audio/MEMD_audio/2002.mp3,True
564,4.7,4.9,/kaggle/input/datasets/imsparsh/deam-mediaeval-dataset-emotional-analysis-in-music/DEAM_audio/MEMD_audio/564.mp3,True
962,7.4,3.4,/kaggle/input/datasets/imsparsh/deam-mediaeval-dataset-emotional-analysis-in-music/DEAM_audio/MEMD_audio/962.mp3,True
1399,6.1,6.4,/kaggle/input/datasets/imsparsh/deam-mediaeval-dataset-emotional-analysis-in-music/DEAM_audio/MEMD_audio/1399.mp3,True
1784,5.5,5.1,/kaggle/input/datasets/imsparsh/deam-mediaeval-dataset-emotional-analysis-in-music/DEAM_audio/MEMD_audio/1784.mp3,True
2,3.1,3.0,/kaggle/input/datasets/imsparsh/deam-mediaeval-dataset-emotional-analysis-in-music/DEAM_audio/MEMD_audio/2.mp3,True
2047,6.2,5.0,/kaggle/input/datasets/imsparsh/deam-mediaeval-dataset-emotional-analysis-in-music/DEAM_audio/MEMD_audio/2047.mp3,True
108,4.5,4.2,/kaggle/input/datasets/imsparsh/deam-mediaeval-dataset-emotional-analysis-in-music/DEAM_audio/MEMD_audio/108.mp3,True
1421,4.2,3.2,/kaggle/input/datasets/imsparsh/deam-mediaeval-dataset-emotional-analysis-in-music/DEAM_audio/MEMD_audio/1421.mp3,True
891,3.4,5.5,/kaggle/input/datasets/imsparsh/deam-mediaeval-dataset-emotional-analysis-in-music/DEAM_audio/MEMD_audio/891.mp3,True
1564,6.1,6.4,/kaggle/input/datasets/imsparsh/deam-mediaeval-dataset-emotional-analysis-in-music/DEAM_audio/MEMD_audio/1564.mp3,True
1303,6.1,6.5,/kaggle/input/datasets/imsparsh/deam-mediaeval-dataset-emotional-analysis-in-music/DEAM_audio/MEMD_audio/1303.mp3,True
1027,4.6,3.8,/kaggle/input/datasets/imsparsh/deam-mediaeval-dataset-emotional-analysis-in-music/DEAM_audio/MEMD_audio/1027.mp3,True
1359,3.6,3.4,/kaggle/input/datasets/imsparsh/deam-mediaeval-dataset-emotional-analysis-in-music/DEAM_audio/MEMD_audio/1359.mp3,True
1414,3.7,4.0,/kaggle/input/datasets/imsparsh/deam-mediaeval-dataset-emotional-analysis-in-music/DEAM_audio/MEMD_audio/1414.mp3,True
1684,5.1,5.0,/kaggle/input/datasets/imsparsh/deam-mediaeval-dataset-emotional-analysis-in-music/DEAM_audio/MEMD_audio/1684.mp3,True
1599,3.6,4.1,/kaggle/input/datasets/imsparsh/deam-mediaeval-dataset-emotional-analysis-in-music/DEAM_audio/MEMD_audio/1599.mp3,True
490,3.9,3.7,/kaggle/input/datasets/imsparsh/deam-mediaeval-dataset-emotional-analysis-in-music/DEAM_audio/MEMD_audio/490.mp3,True
1817,6.6,6.0,/kaggle/input/datasets/imsparsh/deam-mediaeval-dataset-emotional-analysis-in-music/DEAM_audio/MEMD_audio/1817.mp3,True
1429,3.0,2.3,/kaggle/input/datasets/imsparsh/deam-mediaeval-dataset-emotional-analysis-in-music/DEAM_audio/MEMD_audio/1429.mp3,True
130,3.3,4.2,/kaggle/input/datasets/imsparsh/deam-mediaeval-dataset-emotional-analysis-in-music/DEAM_audio/MEMD_audio/130.mp3,True
911,7.1,4.0,/kaggle/input/datasets/imsparsh/deam-mediaeval-dataset-emotional-analysis-in-music/DEAM_audio/MEMD_audio/911.mp3,True
1434,3.7,2.8,/kaggle/input/datasets/imsparsh/deam-mediaeval-dataset-emotional-analysis-in-music/DEAM_audio/MEMD_audio/1434.mp3,True
1083,6.1,6.6,/kaggle/input/datasets/imsparsh/deam-mediaeval-dataset-emotional-analysis-in-music/DEAM_audio/MEMD_audio/1083.mp3,True
85,7.1,6.2,/kaggle/input/datasets/imsparsh/deam-mediaeval-dataset-emotional-analysis-in-music/DEAM_audio/MEMD_audio/85.mp3,True
1109,4.2,2.4,/kaggle/input/datasets/imsparsh/deam-mediaeval-dataset-emotional-analysis-in-music/DEAM_audio/MEMD_audio/1109.mp3,True
1474,6.6,6.4,/kaggle/input/datasets/imsparsh/deam-mediaeval-dataset-emotional-analysis-in-music/DEAM_audio/MEMD_audio/1474.mp3,True
265,4.5,6.4,/kaggle/input/datasets/imsparsh/deam-mediaeval-dataset-emotional-analysis-in-music/DEAM_audio/MEMD_audio/265.mp3,True
176,2.4,3.9,/kaggle/input/datasets/imsparsh/deam-mediaeval-dataset-emotional-analysis-in-music/DEAM_audio/MEMD_audio/176.mp3,True
1345,4.5,2.9,/kaggle/input/datasets/imsparsh/deam-mediaeval-dataset-emotional-analysis-in-music/DEAM_audio/MEMD_audio/1345.mp3,True
452,5.45,6.75,/kaggle/input/datasets/imsparsh/deam-mediaeval-dataset-emotional-analysis-in-music/DEAM_audio/MEMD_audio/452.mp3,True
1535,5.4,5.3,/kaggle/input/datasets/imsparsh/deam-mediaeval-dataset-emotional-analysis-in-music/DEAM_audio/MEMD_audio/1535.mp3,True
1903,3.2,6.9,/kaggle/input/datasets/imsparsh/deam-mediaeval-dataset-emotional-analysis-in-music/DEAM_audio/MEMD_audio/1903.mp3,True
1604,4.5,3.6,/kaggle/input/datasets/imsparsh/deam-mediaeval-dataset-emotional-analysis-in-music/DEAM_audio/MEMD_audio/1604.mp3,True
1743,6.8,6.5,/kaggle/input/datasets/imsparsh/deam-mediaeval-dataset-emotional-analysis-in-music/DEAM_audio/MEMD_audio/1743.mp3,True
1623,5.6,5.3,/kaggle/input/datasets/imsparsh/deam-mediaeval-dataset-emotional-analysis-in-music/DEAM_audio/MEMD_audio/1623.mp3,True
17,4.4,6.0,/kaggle/input/datasets/imsparsh/deam-mediaeval-dataset-emotional-analysis-in-music/DEAM_audio/MEMD_audio/17.mp3,True
565,3.1,3.0,/kaggle/input/datasets/imsparsh/deam-mediaeval-dataset-emotional-analysis-in-music/DEAM_audio/MEMD_audio/565.mp3,True
954,5.1,5.5,/kaggle/input/datasets/imsparsh/deam-mediaeval-dataset-emotional-analysis-in-music/DEAM_audio/MEMD_audio/954.mp3,True
305,6.4,6.8,/kaggle/input/datasets/imsparsh/deam-mediaeval-dataset-emotional-analysis-in-music/DEAM_audio/MEMD_audio/305.mp3,True
1139,5.1,2.5,/kaggle/input/datasets/imsparsh/deam-mediaeval-dataset-emotional-analysis-in-music/DEAM_audio/MEMD_audio/1139.mp3,True
472,6.5,5.2,/kaggle/input/datasets/imsparsh/deam-mediaeval-dataset-emotional-analysis-in-music/DEAM_audio/MEMD_audio/472.mp3,True
1165,3.5,2.8,/kaggle/input/datasets/imsparsh/deam-mediaeval-dataset-emotional-analysis-in-music/DEAM_audio/MEMD_audio/1165.mp3,True
1181,3.7,4.4,/kaggle/input/datasets/imsparsh/deam-mediaeval-dataset-emotional-analysis-in-music/DEAM_audio/MEMD_audio/1181.mp3,True
1797,3.6,4.1,/kaggle/input/datasets/imsparsh/deam-mediaeval-dataset-emotional-analysis-in-music/DEAM_audio/MEMD_audio/1797.mp3,True
1374,6.0,4.1,/kaggle/input/datasets/imsparsh/deam-mediaeval-dataset-emotional-analysis-in-music/DEAM_audio/MEMD_audio/1374.mp3,True
591,5.7,6.2,/kaggle/input/datasets/imsparsh/deam-mediaeval-dataset-emotional-analysis-in-music/DEAM_audio/MEMD_audio/591.mp3,True
1793,5.1,4.2,/kaggle/input/datasets/imsparsh/deam-mediaeval-dataset-emotional-analysis-in-music/DEAM_audio/MEMD_audio/1793.mp3,True
1215,6.2,5.6,/kaggle/input/datasets/imsparsh/deam-mediaeval-dataset-emotional-analysis-in-music/DEAM_audio/MEMD_audio/1215.mp3,True
650,6.0,4.2,/kaggle/input/datasets/imsparsh/deam-mediaeval-dataset-emotional-analysis-in-music/DEAM_audio/MEMD_audio/650.mp3,True
995,4.7,2.4,/kaggle/input/datasets/imsparsh/deam-mediaeval-dataset-emotional-analysis-in-music/DEAM_audio/MEMD_audio/995.mp3,True
1923,6.4,6.2,/kaggle/input/datasets/imsparsh/deam-mediaeval-dataset-emotional-analysis-in-music/DEAM_audio/MEMD_audio/1923.mp3,True
1125,4.9,3.0,/kaggle/input/datasets/imsparsh/deam-mediaeval-dataset-emotional-analysis-in-music/DEAM_audio/MEMD_audio/1125.mp3,True
986,5.8,4.5,/kaggle/input/datasets/imsparsh/deam-mediaeval-dataset-emotional-analysis-in-music/DEAM_audio/MEMD_audio/986.mp3,True
697,4.8,5.8,/kaggle/input/datasets/imsparsh/deam-mediaeval-dataset-emotional-analysis-in-music/DEAM_audio/MEMD_audio/697.mp3,True
932,4.5,4.9,/kaggle/input/datasets/imsparsh/deam-mediaeval-dataset-emotional-analysis-in-music/DEAM_audio/MEMD_audio/932.mp3,True
1858,5.2,5.6,/kaggle/input/datasets/imsparsh/deam-mediaeval-dataset-emotional-analysis-in-music/DEAM_audio/MEMD_audio/1858.mp3,True
1496,6.1,5.8,/kaggle/input/datasets/imsparsh/deam-mediaeval-dataset-emotional-analysis-in-music/DEAM_audio/MEMD_audio/1496.mp3,True
1288,5.2,3.4,/kaggle/input/datasets/imsparsh/deam-mediaeval-dataset-emotional-analysis-in-music/DEAM_audio/MEMD_audio/1288.mp3,True
451,4.9,4.4,/kaggle/input/datasets/imsparsh/deam-mediaeval-dataset-emotional-analysis-in-music/DEAM_audio/MEMD_audio/451.mp3,True
876,6.3,6.7,/kaggle/input/datasets/imsparsh/deam-mediaeval-dataset-emotional-analysis-in-music/DEAM_audio/MEMD_audio/876.mp3,True
1633,6.5,6.3,/kaggle/input/datasets/imsparsh/deam-mediaeval-dataset-emotional-analysis-in-music/DEAM_audio/MEMD_audio/1633.mp3,True
429,3.3,4.3,/kaggle/input/datasets/imsparsh/deam-mediaeval-dataset-emotional-analysis-in-music/DEAM_audio/MEMD_audio/429.mp3,True
1224,6.2,6.8,/kaggle/input/datasets/imsparsh/deam-mediaeval-dataset-emotional-analysis-in-music/DEAM_audio/MEMD_audio/1224.mp3,True
1040,6.2,5.3,/kaggle/input/datasets/imsparsh/deam-mediaeval-dataset-emotional-analysis-in-music/DEAM_audio/MEMD_audio/1040.mp3,True
990,6.0,6.1,/kaggle/input/datasets/imsparsh/deam-mediaeval-dataset-emotional-analysis-in-music/DEAM_audio/MEMD_audio/990.mp3,True
1292,5.6,5.2,/kaggle/input/datasets/imsparsh/deam-mediaeval-dataset-emotional-analysis-in-music/DEAM_audio/MEMD_audio/1292.mp3,True
1227,4.7,5.7,/kaggle/input/datasets/imsparsh/deam-mediaeval-dataset-emotional-analysis-in-music/DEAM_audio/MEMD_audio/1227.mp3,True
1632,5.2,3.4,/kaggle/input/datasets/imsparsh/deam-mediaeval-dataset-emotional-analysis-in-music/DEAM_audio/MEMD_audio/1632.mp3,True
1597,5.5,5.0,/kaggle/input/datasets/imsparsh/deam-mediaeval-dataset-emotional-analysis-in-music/DEAM_audio/MEMD_audio/1597.mp3,True
1601,5.0,5.3,/kaggle/input/datasets/imsparsh/deam-mediaeval-dataset-emotional-analysis-in-music/DEAM_audio/MEMD_audio/1601.mp3,True
1787,3.9,3.4,/kaggle/input/datasets/imsparsh/deam-mediaeval-dataset-emotional-analysis-in-music/DEAM_audio/MEMD_audio/1787.mp3,True
1808,5.4,5.3,/kaggle/input/datasets/imsparsh/deam-mediaeval-dataset-emotional-analysis-in-music/DEAM_audio/MEMD_audio/1808.mp3,True
1142,3.2,2.1,/kaggle/input/datasets/imsparsh/deam-mediaeval-dataset-emotional-analysis-in-music/DEAM_audio/MEMD_audio/1142.mp3,True
105,6.5,5.0,/kaggle/input/datasets/imsparsh/deam-mediaeval-dataset-emotional-analysis-in-music/DEAM_audio/MEMD_audio/105.mp3,True
1071,6.5,5.3,/kaggle/input/datasets/imsparsh/deam-mediaeval-dataset-emotional-analysis-in-music/DEAM_audio/MEMD_audio/1071.mp3,True
1418,4.3,3.8,/kaggle/input/datasets/imsparsh/deam-mediaeval-dataset-emotional-analysis-in-music/DEAM_audio/MEMD_audio/1418.mp3,True
884,5.5,5.0,/kaggle/input/datasets/imsparsh/deam-mediaeval-dataset-emotional-analysis-in-music/DEAM_audio/MEMD_audio/884.mp3,True
1848,5.5,5.0,/kaggle/input/datasets/imsparsh/deam-mediaeval-dataset-emotional-analysis-in-music/DEAM_audio/MEMD_audio/1848.mp3,True
80,6.0,5.1,/kaggle/input/datasets/imsparsh/deam-mediaeval-dataset-emotional-analysis-in-music/DEAM_audio/MEMD_audio/80.mp3,True
163,3.6,4.5,/kaggle/input/datasets/imsparsh/deam-mediaeval-dataset-emotional-analysis-in-music/DEAM_audio/MEMD_audio/163.mp3,True
1397,4.3,3.3,/kaggle/input/datasets/imsparsh/deam-mediaeval-dataset-emotional-analysis-in-music/DEAM_audio/MEMD_audio/1397.mp3,True
1190,3.5,2.2,/kaggle/input/datasets/imsparsh/deam-mediaeval-dataset-emotional-analysis-in-music/DEAM_audio/MEMD_audio/1190.mp3,True
1932,4.8,6.0,/kaggle/input/datasets/imsparsh/deam-mediaeval-dataset-emotional-analysis-in-music/DEAM_audio/MEMD_audio/1932.mp3,True
1080,6.0,5.0,/kaggle/input/datasets/imsparsh/deam-mediaeval-dataset-emotional-analysis-in-music/DEAM_audio/MEMD_audio/1080.mp3,True
653,5.3,6.5,/kaggle/input/datasets/imsparsh/deam-mediaeval-dataset-emotional-analysis-in-music/DEAM_audio/MEMD_audio/653.mp3,True
1857,5.3,5.0,/kaggle/input/datasets/imsparsh/deam-mediaeval-dataset-emotional-analysis-in-music/DEAM_audio/MEMD_audio/1857.mp3,True
415,6.0,5.2,/kaggle/input/datasets/imsparsh/deam-mediaeval-dataset-emotional-analysis-in-music/DEAM_audio/MEMD_audio/415.mp3,True
467,5.7,6.8,/kaggle/input/datasets/imsparsh/deam-mediaeval-dataset-emotional-analysis-in-music/DEAM_audio/MEMD_audio/467.mp3,True
1281,5.4,4.5,/kaggle/input/datasets/imsparsh/deam-mediaeval-dataset-emotional-analysis-in-music/DEAM_audio/MEMD_audio/1281.mp3,True
1151,5.0,5.6,/kaggle/input/datasets/imsparsh/deam-mediaeval-dataset-emotional-analysis-in-music/DEAM_audio/MEMD_audio/1151.mp3,True
1085,6.1,5.2,/kaggle/input/datasets/imsparsh/deam-mediaeval-dataset-emotional-analysis-in-music/DEAM_audio/MEMD_audio/1085.mp3,True
1958,4.8,5.1,/kaggle/input/datasets/imsparsh/deam-mediaeval-dataset-emotional-analysis-in-music/DEAM_audio/MEMD_audio/1958.mp3,True
614,4.3,3.7,/kaggle/input/datasets/imsparsh/deam-mediaeval-dataset-emotional-analysis-in-music/DEAM_audio/MEMD_audio/614.mp3,True
1583,5.6,5.2,/kaggle/input/datasets/imsparsh/deam-mediaeval-dataset-emotional-analysis-in-music/DEAM_audio/MEMD_audio/1583.mp3,True
1515,4.4,4.8,/kaggle/input/datasets/imsparsh/deam-mediaeval-dataset-emotional-analysis-in-music/DEAM_audio/MEMD_audio/1515.mp3,True
856,6.7,5.6,/kaggle/input/datasets/imsparsh/deam-mediaeval-dataset-emotional-analysis-in-music/DEAM_audio/MEMD_audio/856.mp3,True
205,3.0,4.5,/kaggle/input/datasets/imsparsh/deam-mediaeval-dataset-emotional-analysis-in-music/DEAM_audio/MEMD_audio/205.mp3,True
1406,3.9,3.7,/kaggle/input/datasets/imsparsh/deam-mediaeval-dataset-emotional-analysis-in-music/DEAM_audio/MEMD_audio/1406.mp3,True
56,6.4,5.8,/kaggle/input/datasets/imsparsh/deam-mediaeval-dataset-emotional-analysis-in-music/DEAM_audio/MEMD_audio/56.mp3,True
959,6.2,6.4,/kaggle/input/datasets/imsparsh/deam-mediaeval-dataset-emotional-analysis-in-music/DEAM_audio/MEMD_audio/959.mp3,True
116,4.4,3.9,/kaggle/input/datasets/imsparsh/deam-mediaeval-dataset-emotional-analysis-in-music/DEAM_audio/MEMD_audio/116.mp3,True
1998,6.4,6.2,/kaggle/input/datasets/imsparsh/deam-mediaeval-dataset-emotional-analysis-in-music/DEAM_audio/MEMD_audio/1998.mp3,True
1132,4.6,3.4,/kaggle/input/datasets/imsparsh/deam-mediaeval-dataset-emotional-analysis-in-music/DEAM_audio/MEMD_audio/1132.mp3,True
1693,4.4,3.8,/kaggle/input/datasets/imsparsh/deam-mediaeval-dataset-emotional-analysis-in-music/DEAM_audio/MEMD_audio/1693.mp3,True
1350,4.0,2.6,/kaggle/input/datasets/imsparsh/deam-mediaeval-dataset-emotional-analysis-in-music/DEAM_audio/MEMD_audio/1350.mp3,True
1412,4.6,3.2,/kaggle/input/datasets/imsparsh/deam-mediaeval-dataset-emotional-analysis-in-music/DEAM_audio/MEMD_audio/1412.mp3,True
1483,3.9,3.8,/kaggle/input/datasets/imsparsh/deam-mediaeval-dataset-emotional-analysis-in-music/DEAM_audio/MEMD_audio/1483.mp3,True
2017,6.67,6.5,/kaggle/input/datasets/imsparsh/deam-mediaeval-dataset-emotional-analysis-in-music/DEAM_audio/MEMD_audio/2017.mp3,True
648,5.1,6.8,/kaggle/input/datasets/imsparsh/deam-mediaeval-dataset-emotional-analysis-in-music/DEAM_audio/MEMD_audio/648.mp3,True
401,5.5,6.4,/kaggle/input/datasets/imsparsh/deam-mediaeval-dataset-emotional-analysis-in-music/DEAM_audio/MEMD_audio/401.mp3,True
46,5.3,4.0,/kaggle/input/datasets/imsparsh/deam-mediaeval-dataset-emotional-analysis-in-music/DEAM_audio/MEMD_audio/46.mp3,True
1449,4.6,4.1,/kaggle/input/datasets/imsparsh/deam-mediaeval-dataset-emotional-analysis-in-music/DEAM_audio/MEMD_audio/1449.mp3,True
1897,4.2,3.8,/kaggle/input/datasets/imsparsh/deam-mediaeval-dataset-emotional-analysis-in-music/DEAM_audio/MEMD_audio/1897.mp3,True
1202,4.1,2.7,/kaggle/input/datasets/imsparsh/deam-mediaeval-dataset-emotional-analysis-in-music/DEAM_audio/MEMD_audio/1202.mp3,True
202,4.6,5.2,/kaggle/input/datasets/imsparsh/deam-mediaeval-dataset-emotional-analysis-in-music/DEAM_audio/MEMD_audio/202.mp3,True
1169,3.9,2.8,/kaggle/input/datasets/imsparsh/deam-mediaeval-dataset-emotional-analysis-in-music/DEAM_audio/MEMD_audio/1169.mp3,True
638,3.2,4.4,/kaggle/input/datasets/imsparsh/deam-mediaeval-dataset-emotional-analysis-in-music/DEAM_audio/MEMD_audio/638.mp3,True
1210,3.8,2.4,/kaggle/input/datasets/imsparsh/deam-mediaeval-dataset-emotional-analysis-in-music/DEAM_audio/MEMD_audio/1210.mp3,True
1354,4.6,2.0,/kaggle/input/datasets/imsparsh/deam-mediaeval-dataset-emotional-analysis-in-music/DEAM_audio/MEMD_audio/1354.mp3,True
1289,5.0,4.4,/kaggle/input/datasets/imsparsh/deam-mediaeval-dataset-emotional-analysis-in-music/DEAM_audio/MEMD_audio/1289.mp3,True
749,4.2,4.9,/kaggle/input/datasets/imsparsh/deam-mediaeval-dataset-emotional-analysis-in-music/DEAM_audio/MEMD_audio/749.mp3,True
1007,5.2,5.4,/kaggle/input/datasets/imsparsh/deam-mediaeval-dataset-emotional-analysis-in-music/DEAM_audio/MEMD_audio/1007.mp3,True
863,6.4,7.0,/kaggle/input/datasets/imsparsh/deam-mediaeval-dataset-emotional-analysis-in-music/DEAM_audio/MEMD_audio/863.mp3,True
280,4.2,3.3,/kaggle/input/datasets/imsparsh/deam-mediaeval-dataset-emotional-analysis-in-music/DEAM_audio/MEMD_audio/280.mp3,True
987,6.3,3.6,/kaggle/input/datasets/imsparsh/deam-mediaeval-dataset-emotional-analysis-in-music/DEAM_audio/MEMD_audio/987.mp3,True
1731,4.2,3.6,/kaggle/input/datasets/imsparsh/deam-mediaeval-dataset-emotional-analysis-in-music/DEAM_audio/MEMD_audio/1731.mp3,True
1413,4.3,4.1,/kaggle/input/datasets/imsparsh/deam-mediaeval-dataset-emotional-analysis-in-music/DEAM_audio/MEMD_audio/1413.mp3,True
1582,5.9,5.4,/kaggle/input/datasets/imsparsh/deam-mediaeval-dataset-emotional-analysis-in-music/DEAM_audio/MEMD_audio/1582.mp3,True
1727,4.9,4.7,/kaggle/input/datasets/imsparsh/deam-mediaeval-dataset-emotional-analysis-in-music/DEAM_audio/MEMD_audio/1727.mp3,True
1191,4.4,2.6,/kaggle/input/datasets/imsparsh/deam-mediaeval-dataset-emotional-analysis-in-music/DEAM_audio/MEMD_audio/1191.mp3,True
1322,6.5,5.5,/kaggle/input/datasets/imsparsh/deam-mediaeval-dataset-emotional-analysis-in-music/DEAM_audio/MEMD_audio/1322.mp3,True
135,3.7,3.5,/kaggle/input/datasets/imsparsh/deam-mediaeval-dataset-emotional-analysis-in-music/DEAM_audio/MEMD_audio/135.mp3,True
1648,3.9,2.5,/kaggle/input/datasets/imsparsh/deam-mediaeval-dataset-emotional-analysis-in-music/DEAM_audio/MEMD_audio/1648.mp3,True
730,3.7,4.5,/kaggle/input/datasets/imsparsh/deam-mediaeval-dataset-emotional-analysis-in-music/DEAM_audio/MEMD_audio/730.mp3,True
1424,4.5,3.5,/kaggle/input/datasets/imsparsh/deam-mediaeval-dataset-emotional-analysis-in-music/DEAM_audio/MEMD_audio/1424.mp3,True
1431,4.1,4.1,/kaggle/input/datasets/imsparsh/deam-mediaeval-dataset-emotional-analysis-in-music/DEAM_audio/MEMD_audio/1431.mp3,True
1147,4.6,3.6,/kaggle/input/datasets/imsparsh/deam-mediaeval-dataset-emotional-analysis-in-music/DEAM_audio/MEMD_audio/1147.mp3,True
1204,6.6,5.5,/kaggle/input/datasets/imsparsh/deam-mediaeval-dataset-emotional-analysis-in-music/DEAM_audio/MEMD_audio/1204.mp3,True
1305,4.7,6.2,/kaggle/input/datasets/imsparsh/deam-mediaeval-dataset-emotional-analysis-in-music/DEAM_audio/MEMD_audio/1305.mp3,True
1473,6.1,6.0,/kaggle/input/datasets/imsparsh/deam-mediaeval-dataset-emotional-analysis-in-music/DEAM_audio/MEMD_audio/1473.mp3,True
1491,4.8,5.2,/kaggle/input/datasets/imsparsh/deam-mediaeval-dataset-emotional-analysis-in-music/DEAM_audio/MEMD_audio/1491.mp3,True
1560,5.2,5.2,/kaggle/input/datasets/imsparsh/deam-mediaeval-dataset-emotional-analysis-in-music/DEAM_audio/MEMD_audio/1560.mp3,True
1141,4.5,3.6,/kaggle/input/datasets/imsparsh/deam-mediaeval-dataset-emotional-analysis-in-music/DEAM_audio/MEMD_audio/1141.mp3,True
1769,5.9,5.3,/kaggle/input/datasets/imsparsh/deam-mediaeval-dataset-emotional-analysis-in-music/DEAM_audio/MEMD_audio/1769.mp3,True
1107,3.0,3.2,/kaggle/input/datasets/imsparsh/deam-mediaeval-dataset-emotional-analysis-in-music/DEAM_audio/MEMD_audio/1107.mp3,True
989,6.3,6.4,/kaggle/input/datasets/imsparsh/deam-mediaeval-dataset-emotional-analysis-in-music/DEAM_audio/MEMD_audio/989.mp3,True
964,7.6,7.0,/kaggle/input/datasets/imsparsh/deam-mediaeval-dataset-emotional-analysis-in-music/DEAM_audio/MEMD_audio/964.mp3,True
580,2.4,4.4,/kaggle/input/datasets/imsparsh/deam-mediaeval-dataset-emotional-analysis-in-music/DEAM_audio/MEMD_audio/580.mp3,True
314,5.8,5.9,/kaggle/input/datasets/imsparsh/deam-mediaeval-dataset-emotional-analysis-in-music/DEAM_audio/MEMD_audio/314.mp3,True
101,3.4,2.8,/kaggle/input/datasets/imsparsh/deam-mediaeval-dataset-emotional-analysis-in-music/DEAM_audio/MEMD_audio/101.mp3,True
556,5.6,6.1,/kaggle/input/datasets/imsparsh/deam-mediaeval-dataset-emotional-analysis-in-music/DEAM_audio/MEMD_audio/556.mp3,True
480,2.7,4.1,/kaggle/input/datasets/imsparsh/deam-mediaeval-dataset-emotional-analysis-in-music/DEAM_audio/MEMD_audio/480.mp3,True
209,3.1,4.6,/kaggle/input/datasets/imsparsh/deam-mediaeval-dataset-emotional-analysis-in-music/DEAM_audio/MEMD_audio/209.mp3,True
1299,4.5,4.7,/kaggle/input/datasets/imsparsh/deam-mediaeval-dataset-emotional-analysis-in-music/DEAM_audio/MEMD_audio/1299.mp3,True
1824,6.2,5.7,/kaggle/input/datasets/imsparsh/deam-mediaeval-dataset-emotional-analysis-in-music/DEAM_audio/MEMD_audio/1824.mp3,True
1518,6.1,6.3,/kaggle/input/datasets/imsparsh/deam-mediaeval-dataset-emotional-analysis-in-music/DEAM_audio/MEMD_audio/1518.mp3,True
1499,4.8,4.5,/kaggle/input/datasets/imsparsh/deam-mediaeval-dataset-emotional-analysis-in-music/DEAM_audio/MEMD_audio/1499.mp3,True
767,5.2,6.5,/kaggle/input/datasets/imsparsh/deam-mediaeval-dataset-emotional-analysis-in-music/DEAM_audio/MEMD_audio/767.mp3,True
84,5.9,5.6,/kaggle/input/datasets/imsparsh/deam-mediaeval-dataset-emotional-analysis-in-music/DEAM_audio/MEMD_audio/84.mp3,True
1129,3.5,2.4,/kaggle/input/datasets/imsparsh/deam-mediaeval-dataset-emotional-analysis-in-music/DEAM_audio/MEMD_audio/1129.mp3,True
1600,5.6,5.6,/kaggle/input/datasets/imsparsh/deam-mediaeval-dataset-emotional-analysis-in-music/DEAM_audio/MEMD_audio/1600.mp3,True
1948,4.0,6.7,/kaggle/input/datasets/imsparsh/deam-mediaeval-dataset-emotional-analysis-in-music/DEAM_audio/MEMD_audio/1948.mp3,True
328,5.2,4.2,/kaggle/input/datasets/imsparsh/deam-mediaeval-dataset-emotional-analysis-in-music/DEAM_audio/MEMD_audio/328.mp3,True
54,3.1,3.3,/kaggle/input/datasets/imsparsh/deam-mediaeval-dataset-emotional-analysis-in-music/DEAM_audio/MEMD_audio/54.mp3,True
1938,5.6,7.0,/kaggle/input/datasets/imsparsh/deam-mediaeval-dataset-emotional-analysis-in-music/DEAM_audio/MEMD_audio/1938.mp3,True
869,2.6,4.1,/kaggle/input/datasets/imsparsh/deam-mediaeval-dataset-emotional-analysis-in-music/DEAM_audio/MEMD_audio/869.mp3,True
1884,6.5,5.6,/kaggle/input/datasets/imsparsh/deam-mediaeval-dataset-emotional-analysis-in-music/DEAM_audio/MEMD_audio/1884.mp3,True
1558,3.4,5.9,/kaggle/input/datasets/imsparsh/deam-mediaeval-dataset-emotional-analysis-in-music/DEAM_audio/MEMD_audio/1558.mp3,True
1234,4.6,3.0,/kaggle/input/datasets/imsparsh/deam-mediaeval-dataset-emotional-analysis-in-music/DEAM_audio/MEMD_audio/1234.mp3,True
1675,5.5,5.7,/kaggle/input/datasets/imsparsh/deam-mediaeval-dataset-emotional-analysis-in-music/DEAM_audio/MEMD_audio/1675.mp3,True
994,6.6,5.3,/kaggle/input/datasets/imsparsh/deam-mediaeval-dataset-emotional-analysis-in-music/DEAM_audio/MEMD_audio/994.mp3,True
224,5.5,5.7,/kaggle/input/datasets/imsparsh/deam-mediaeval-dataset-emotional-analysis-in-music/DEAM_audio/MEMD_audio/224.mp3,True
1176,4.9,2.7,/kaggle/input/datasets/imsparsh/deam-mediaeval-dataset-emotional-analysis-in-music/DEAM_audio/MEMD_audio/1176.mp3,True
582,3.1,4.9,/kaggle/input/datasets/imsparsh/deam-mediaeval-dataset-emotional-analysis-in-music/DEAM_audio/MEMD_audio/582.mp3,True
890,3.6,4.7,/kaggle/input/datasets/imsparsh/deam-mediaeval-dataset-emotional-analysis-in-music/DEAM_audio/MEMD_audio/890.mp3,True
1017,4.1,3.8,/kaggle/input/datasets/imsparsh/deam-mediaeval-dataset-emotional-analysis-in-music/DEAM_audio/MEMD_audio/1017.mp3,True
1885,3.9,3.9,/kaggle/input/datasets/imsparsh/deam-mediaeval-dataset-emotional-analysis-in-music/DEAM_audio/MEMD_audio/1885.mp3,True
981,6.7,6.6,/kaggle/input/datasets/imsparsh/deam-mediaeval-dataset-emotional-analysis-in-music/DEAM_audio/MEMD_audio/981.mp3,True
500,6.0,5.2,/kaggle/input/datasets/imsparsh/deam-mediaeval-dataset-emotional-analysis-in-music/DEAM_audio/MEMD_audio/500.mp3,True
1355,6.3,3.8,/kaggle/input/datasets/imsparsh/deam-mediaeval-dataset-emotional-analysis-in-music/DEAM_audio/MEMD_audio/1355.mp3,True
1082,6.7,6.4,/kaggle/input/datasets/imsparsh/deam-mediaeval-dataset-emotional-analysis-in-music/DEAM_audio/MEMD_audio/1082.mp3,True
1798,5.7,4.0,/kaggle/input/datasets/imsparsh/deam-mediaeval-dataset-emotional-analysis-in-music/DEAM_audio/MEMD_audio/1798.mp3,True
800,4.5,4.5,/kaggle/input/datasets/imsparsh/deam-mediaeval-dataset-emotional-analysis-in-music/DEAM_audio/MEMD_audio/800.mp3,True
143,4.0,4.9,/kaggle/input/datasets/imsparsh/deam-mediaeval-dataset-emotional-analysis-in-music/DEAM_audio/MEMD_audio/143.mp3,True
506,2.9,4.1,/kaggle/input/datasets/imsparsh/deam-mediaeval-dataset-emotional-analysis-in-music/DEAM_audio/MEMD_audio/506.mp3,True
1973,4.3,4.3,/kaggle/input/datasets/imsparsh/deam-mediaeval-dataset-emotional-analysis-in-music/DEAM_audio/MEMD_audio/1973.mp3,True
1226,3.9,3.8,/kaggle/input/datasets/imsparsh/deam-mediaeval-dataset-emotional-analysis-in-music/DEAM_audio/MEMD_audio/1226.mp3,True
782,7.2,4.7,/kaggle/input/datasets/imsparsh/deam-mediaeval-dataset-emotional-analysis-in-music/DEAM_audio/MEMD_audio/782.mp3,True
1980,5.5,5.4,/kaggle/input/datasets/imsparsh/deam-mediaeval-dataset-emotional-analysis-in-music/DEAM_audio/MEMD_audio/1980.mp3,True
115,8.4,7.8,/kaggle/input/datasets/imsparsh/deam-mediaeval-dataset-emotional-analysis-in-music/DEAM_audio/MEMD_audio/115.mp3,True
1105,3.8,3.7,/kaggle/input/datasets/imsparsh/deam-mediaeval-dataset-emotional-analysis-in-music/DEAM_audio/MEMD_audio/1105.mp3,True
1860,3.7,3.5,/kaggle/input/datasets/imsparsh/deam-mediaeval-dataset-emotional-analysis-in-music/DEAM_audio/MEMD_audio/1860.mp3,True
1979,5.5,7.2,/kaggle/input/datasets/imsparsh/deam-mediaeval-dataset-emotional-analysis-in-music/DEAM_audio/MEMD_audio/1979.mp3,True
1010,6.5,6.5,/kaggle/input/datasets/imsparsh/deam-mediaeval-dataset-emotional-analysis-in-music/DEAM_audio/MEMD_audio/1010.mp3,True
647,3.0,5.8,/kaggle/input/datasets/imsparsh/deam-mediaeval-dataset-emotional-analysis-in-music/DEAM_audio/MEMD_audio/647.mp3,True
19,5.9,4.3,/kaggle/input/datasets/imsparsh/deam-mediaeval-dataset-emotional-analysis-in-music/DEAM_audio/MEMD_audio/19.mp3,True
481,3.4,4.7,/kaggle/input/datasets/imsparsh/deam-mediaeval-dataset-emotional-analysis-in-music/DEAM_audio/MEMD_audio/481.mp3,True
335,6.8,6.8,/kaggle/input/datasets/imsparsh/deam-mediaeval-dataset-emotional-analysis-in-music/DEAM_audio/MEMD_audio/335.mp3,True
1323,5.5,5.0,/kaggle/input/datasets/imsparsh/deam-mediaeval-dataset-emotional-analysis-in-music/DEAM_audio/MEMD_audio/1323.mp3,True
1448,4.4,4.4,/kaggle/input/datasets/imsparsh/deam-mediaeval-dataset-emotional-analysis-in-music/DEAM_audio/MEMD_audio/1448.mp3,True
915,5.0,5.2,/kaggle/input/datasets/imsparsh/deam-mediaeval-dataset-emotional-analysis-in-music/DEAM_audio/MEMD_audio/915.mp3,True
1730,5.3,3.9,/kaggle/input/datasets/imsparsh/deam-mediaeval-dataset-emotional-analysis-in-music/DEAM_audio/MEMD_audio/1730.mp3,True
1945,6.0,6.1,/kaggle/input/datasets/imsparsh/deam-mediaeval-dataset-emotional-analysis-in-music/DEAM_audio/MEMD_audio/1945.mp3,True
913,4.8,3.3,/kaggle/input/datasets/imsparsh/deam-mediaeval-dataset-emotional-analysis-in-music/DEAM_audio/MEMD_audio/913.mp3,True
1108,4.8,3.7,/kaggle/input/datasets/imsparsh/deam-mediaeval-dataset-emotional-analysis-in-music/DEAM_audio/MEMD_audio/1108.mp3,True
191,5.1,6.3,/kaggle/input/datasets/imsparsh/deam-mediaeval-dataset-emotional-analysis-in-music/DEAM_audio/MEMD_audio/191.mp3,True
1152,6.1,5.6,/kaggle/input/datasets/imsparsh/deam-mediaeval-dataset-emotional-analysis-in-music/DEAM_audio/MEMD_audio/1152.mp3,True
1679,5.4,5.6,/kaggle/input/datasets/imsparsh/deam-mediaeval-dataset-emotional-analysis-in-music/DEAM_audio/MEMD_audio/1679.mp3,True
307,6.1,6.8,/kaggle/input/datasets/imsparsh/deam-mediaeval-dataset-emotional-analysis-in-music/DEAM_audio/MEMD_audio/307.mp3,True
397,7.0,7.0,/kaggle/input/datasets/imsparsh/deam-mediaeval-dataset-emotional-analysis-in-music/DEAM_audio/MEMD_audio/397.mp3,True
1949,2.2,5.1,/kaggle/input/datasets/imsparsh/deam-mediaeval-dataset-emotional-analysis-in-music/DEAM_audio/MEMD_audio/1949.mp3,True
1296,5.0,5.9,/kaggle/input/datasets/imsparsh/deam-mediaeval-dataset-emotional-analysis-in-music/DEAM_audio/MEMD_audio/1296.mp3,True
666,5.3,5.0,/kaggle/input/datasets/imsparsh/deam-mediaeval-dataset-emotional-analysis-in-music/DEAM_audio/MEMD_audio/666.mp3,True
1272,4.0,3.2,/kaggle/input/datasets/imsparsh/deam-mediaeval-dataset-emotional-analysis-in-music/DEAM_audio/MEMD_audio/1272.mp3,True
1025,5.1,6.1,/kaggle/input/datasets/imsparsh/deam-mediaeval-dataset-emotional-analysis-in-music/DEAM_audio/MEMD_audio/1025.mp3,True
1833,4.5,3.2,/kaggle/input/datasets/imsparsh/deam-mediaeval-dataset-emotional-analysis-in-music/DEAM_audio/MEMD_audio/1833.mp3,True
1018,3.7,2.5,/kaggle/input/datasets/imsparsh/deam-mediaeval-dataset-emotional-analysis-in-music/DEAM_audio/MEMD_audio/1018.mp3,True
1503,5.9,4.1,/kaggle/input/datasets/imsparsh/deam-mediaeval-dataset-emotional-analysis-in-music/DEAM_audio/MEMD_audio/1503.mp3,True
1460,4.8,3.9,/kaggle/input/datasets/imsparsh/deam-mediaeval-dataset-emotional-analysis-in-music/DEAM_audio/MEMD_audio/1460.mp3,True
1580,6.1,5.2,/kaggle/input/datasets/imsparsh/deam-mediaeval-dataset-emotional-analysis-in-music/DEAM_audio/MEMD_audio/1580.mp3,True
2042,4.8,4.6,/kaggle/input/datasets/imsparsh/deam-mediaeval-dataset-emotional-analysis-in-music/DEAM_audio/MEMD_audio/2042.mp3,True
674,6.8,7.4,/kaggle/input/datasets/imsparsh/deam-mediaeval-dataset-emotional-analysis-in-music/DEAM_audio/MEMD_audio/674.mp3,True
40,4.6,4.8,/kaggle/input/datasets/imsparsh/deam-mediaeval-dataset-emotional-analysis-in-music/DEAM_audio/MEMD_audio/40.mp3,True
428,6.6,6.6,/kaggle/input/datasets/imsparsh/deam-mediaeval-dataset-emotional-analysis-in-music/DEAM_audio/MEMD_audio/428.mp3,True
1534,5.7,5.7,/kaggle/input/datasets/imsparsh/deam-mediaeval-dataset-emotional-analysis-in-music/DEAM_audio/MEMD_audio/1534.mp3,True
1778,4.4,3.2,/kaggle/input/datasets/imsparsh/deam-mediaeval-dataset-emotional-analysis-in-music/DEAM_audio/MEMD_audio/1778.mp3,True
403,5.1,5.2,/kaggle/input/datasets/imsparsh/deam-mediaeval-dataset-emotional-analysis-in-music/DEAM_audio/MEMD_audio/403.mp3,True
527,4.0,5.7,/kaggle/input/datasets/imsparsh/deam-mediaeval-dataset-emotional-analysis-in-music/DEAM_audio/MEMD_audio/527.mp3,True
612,5.6,6.6,/kaggle/input/datasets/imsparsh/deam-mediaeval-dataset-emotional-analysis-in-music/DEAM_audio/MEMD_audio/612.mp3,True
254,5.3,7.4,/kaggle/input/datasets/imsparsh/deam-mediaeval-dataset-emotional-analysis-in-music/DEAM_audio/MEMD_audio/254.mp3,True
1168,4.4,3.3,/kaggle/input/datasets/imsparsh/deam-mediaeval-dataset-emotional-analysis-in-music/DEAM_audio/MEMD_audio/1168.mp3,True
1484,4.4,3.8,/kaggle/input/datasets/imsparsh/deam-mediaeval-dataset-emotional-analysis-in-music/DEAM_audio/MEMD_audio/1484.mp3,True
1698,4.5,4.5,/kaggle/input/datasets/imsparsh/deam-mediaeval-dataset-emotional-analysis-in-music/DEAM_audio/MEMD_audio/1698.mp3,True
1268,5.3,3.7,/kaggle/input/datasets/imsparsh/deam-mediaeval-dataset-emotional-analysis-in-music/DEAM_audio/MEMD_audio/1268.mp3,True
2009,5.2,4.2,/kaggle/input/datasets/imsparsh/deam-mediaeval-dataset-emotional-analysis-in-music/DEAM_audio/MEMD_audio/2009.mp3,True
119,4.3,3.2,/kaggle/input/datasets/imsparsh/deam-mediaeval-dataset-emotional-analysis-in-music/DEAM_audio/MEMD_audio/119.mp3,True
1265,5.8,5.5,/kaggle/input/datasets/imsparsh/deam-mediaeval-dataset-emotional-analysis-in-music/DEAM_audio/MEMD_audio/1265.mp3,True
1327,5.5,2.8,/kaggle/input/datasets/imsparsh/deam-mediaeval-dataset-emotional-analysis-in-music/DEAM_audio/MEMD_audio/1327.mp3,True
1349,5.2,5.2,/kaggle/input/datasets/imsparsh/deam-mediaeval-dataset-emotional-analysis-in-music/DEAM_audio/MEMD_audio/1349.mp3,True
1689,7.1,6.4,/kaggle/input/datasets/imsparsh/deam-mediaeval-dataset-emotional-analysis-in-music/DEAM_audio/MEMD_audio/1689.mp3,True
931,6.3,6.5,/kaggle/input/datasets/imsparsh/deam-mediaeval-dataset-emotional-analysis-in-music/DEAM_audio/MEMD_audio/931.mp3,True
1873,4.7,3.4,/kaggle/input/datasets/imsparsh/deam-mediaeval-dataset-emotional-analysis-in-music/DEAM_audio/MEMD_audio/1873.mp3,True
1253,4.1,3.0,/kaggle/input/datasets/imsparsh/deam-mediaeval-dataset-emotional-analysis-in-music/DEAM_audio/MEMD_audio/1253.mp3,True
185,4.9,4.6,/kaggle/input/datasets/imsparsh/deam-mediaeval-dataset-emotional-analysis-in-music/DEAM_audio/MEMD_audio/185.mp3,True
1356,5.2,5.2,/kaggle/input/datasets/imsparsh/deam-mediaeval-dataset-emotional-analysis-in-music/DEAM_audio/MEMD_audio/1356.mp3,True
1811,4.6,4.7,/kaggle/input/datasets/imsparsh/deam-mediaeval-dataset-emotional-analysis-in-music/DEAM_audio/MEMD_audio/1811.mp3,True
2056,5.0,4.6,/kaggle/input/datasets/imsparsh/deam-mediaeval-dataset-emotional-analysis-in-music/DEAM_audio/MEMD_audio/2056.mp3,True
1046,5.6,5.0,/kaggle/input/datasets/imsparsh/deam-mediaeval-dataset-emotional-analysis-in-music/DEAM_audio/MEMD_audio/1046.mp3,True
742,6.1,6.5,/kaggle/input/datasets/imsparsh/deam-mediaeval-dataset-emotional-analysis-in-music/DEAM_audio/MEMD_audio/742.mp3,True
942,4.8,4.1,/kaggle/input/datasets/imsparsh/deam-mediaeval-dataset-emotional-analysis-in-music/DEAM_audio/MEMD_audio/942.mp3,True
1469,3.1,3.2,/kaggle/input/datasets/imsparsh/deam-mediaeval-dataset-emotional-analysis-in-music/DEAM_audio/MEMD_audio/1469.mp3,True
1552,5.6,5.6,/kaggle/input/datasets/imsparsh/deam-mediaeval-dataset-emotional-analysis-in-music/DEAM_audio/MEMD_audio/1552.mp3,True
1763,4.4,3.5,/kaggle/input/datasets/imsparsh/deam-mediaeval-dataset-emotional-analysis-in-music/DEAM_audio/MEMD_audio/1763.mp3,True
1517,6.0,5.0,/kaggle/input/datasets/imsparsh/deam-mediaeval-dataset-emotional-analysis-in-music/DEAM_audio/MEMD_audio/1517.mp3,True
632,4.2,5.4,/kaggle/input/datasets/imsparsh/deam-mediaeval-dataset-emotional-analysis-in-music/DEAM_audio/MEMD_audio/632.mp3,True
721,5.7,5.5,/kaggle/input/datasets/imsparsh/deam-mediaeval-dataset-emotional-analysis-in-music/DEAM_audio/MEMD_audio/721.mp3,True
1398,6.9,7.6,/kaggle/input/datasets/imsparsh/deam-mediaeval-dataset-emotional-analysis-in-music/DEAM_audio/MEMD_audio/1398.mp3,True
1376,7.0,6.6,/kaggle/input/datasets/imsparsh/deam-mediaeval-dataset-emotional-analysis-in-music/DEAM_audio/MEMD_audio/1376.mp3,True
1058,4.0,5.8,/kaggle/input/datasets/imsparsh/deam-mediaeval-dataset-emotional-analysis-in-music/DEAM_audio/MEMD_audio/1058.mp3,True
663,3.3,4.3,/kaggle/input/datasets/imsparsh/deam-mediaeval-dataset-emotional-analysis-in-music/DEAM_audio/MEMD_audio/663.mp3,True
825,4.1,5.7,/kaggle/input/datasets/imsparsh/deam-mediaeval-dataset-emotional-analysis-in-music/DEAM_audio/MEMD_audio/825.mp3,True
2037,6.4,4.4,/kaggle/input/datasets/imsparsh/deam-mediaeval-dataset-emotional-analysis-in-music/DEAM_audio/MEMD_audio/2037.mp3,True
1868,5.8,5.0,/kaggle/input/datasets/imsparsh/deam-mediaeval-dataset-emotional-analysis-in-music/DEAM_audio/MEMD_audio/1868.mp3,True
1407,3.6,3.8,/kaggle/input/datasets/imsparsh/deam-mediaeval-dataset-emotional-analysis-in-music/DEAM_audio/MEMD_audio/1407.mp3,True
1047,5.3,4.4,/kaggle/input/datasets/imsparsh/deam-mediaeval-dataset-emotional-analysis-in-music/DEAM_audio/MEMD_audio/1047.mp3,True
145,3.1,5.4,/kaggle/input/datasets/imsparsh/deam-mediaeval-dataset-emotional-analysis-in-music/DEAM_audio/MEMD_audio/145.mp3,True
996,6.0,6.7,/kaggle/input/datasets/imsparsh/deam-mediaeval-dataset-emotional-analysis-in-music/DEAM_audio/MEMD_audio/996.mp3,True
1338,6.2,6.4,/kaggle/input/datasets/imsparsh/deam-mediaeval-dataset-emotional-analysis-in-music/DEAM_audio/MEMD_audio/1338.mp3,True
1087,6.0,6.4,/kaggle/input/datasets/imsparsh/deam-mediaeval-dataset-emotional-analysis-in-music/DEAM_audio/MEMD_audio/1087.mp3,True
149,3.4,3.1,/kaggle/input/datasets/imsparsh/deam-mediaeval-dataset-emotional-analysis-in-music/DEAM_audio/MEMD_audio/149.mp3,True
860,6.6,6.7,/kaggle/input/datasets/imsparsh/deam-mediaeval-dataset-emotional-analysis-in-music/DEAM_audio/MEMD_audio/860.mp3,True
1970,5.9,7.1,/kaggle/input/datasets/imsparsh/deam-mediaeval-dataset-emotional-analysis-in-music/DEAM_audio/MEMD_audio/1970.mp3,True
829,2.3,4.5,/kaggle/input/datasets/imsparsh/deam-mediaeval-dataset-emotional-analysis-in-music/DEAM_audio/MEMD_audio/829.mp3,True
448,6.7,6.5,/kaggle/input/datasets/imsparsh/deam-mediaeval-dataset-emotional-analysis-in-music/DEAM_audio/MEMD_audio/448.mp3,True
318,5.9,5.9,/kaggle/input/datasets/imsparsh/deam-mediaeval-dataset-emotional-analysis-in-music/DEAM_audio/MEMD_audio/318.mp3,True
859,3.6,5.1,/kaggle/input/datasets/imsparsh/deam-mediaeval-dataset-emotional-analysis-in-music/DEAM_audio/MEMD_audio/859.mp3,True
1192,3.7,2.9,/kaggle/input/datasets/imsparsh/deam-mediaeval-dataset-emotional-analysis-in-music/DEAM_audio/MEMD_audio/1192.mp3,True
1079,6.9,5.6,/kaggle/input/datasets/imsparsh/deam-mediaeval-dataset-emotional-analysis-in-music/DEAM_audio/MEMD_audio/1079.mp3,True
1123,3.1,3.1,/kaggle/input/datasets/imsparsh/deam-mediaeval-dataset-emotional-analysis-in-music/DEAM_audio/MEMD_audio/1123.mp3,True
68,3.8,4.9,/kaggle/input/datasets/imsparsh/deam-mediaeval-dataset-emotional-analysis-in-music/DEAM_audio/MEMD_audio/68.mp3,True
1801,3.4,2.8,/kaggle/input/datasets/imsparsh/deam-mediaeval-dataset-emotional-analysis-in-music/DEAM_audio/MEMD_audio/1801.mp3,True
1248,3.7,3.0,/kaggle/input/datasets/imsparsh/deam-mediaeval-dataset-emotional-analysis-in-music/DEAM_audio/MEMD_audio/1248.mp3,True
1133,5.0,2.4,/kaggle/input/datasets/imsparsh/deam-mediaeval-dataset-emotional-analysis-in-music/DEAM_audio/MEMD_audio/1133.mp3,True
1030,5.7,5.2,/kaggle/input/datasets/imsparsh/deam-mediaeval-dataset-emotional-analysis-in-music/DEAM_audio/MEMD_audio/1030.mp3,True
1476,4.5,5.1,/kaggle/input/datasets/imsparsh/deam-mediaeval-dataset-emotional-analysis-in-music/DEAM_audio/MEMD_audio/1476.mp3,True
2058,3.8,5.8,/kaggle/input/datasets/imsparsh/deam-mediaeval-dataset-emotional-analysis-in-music/DEAM_audio/MEMD_audio/2058.mp3,True
7,5.8,6.4,/kaggle/input/datasets/imsparsh/deam-mediaeval-dataset-emotional-analysis-in-music/DEAM_audio/MEMD_audio/7.mp3,True
1260,7.2,6.5,/kaggle/input/datasets/imsparsh/deam-mediaeval-dataset-emotional-analysis-in-music/DEAM_audio/MEMD_audio/1260.mp3,True
1814,6.0,5.8,/kaggle/input/datasets/imsparsh/deam-mediaeval-dataset-emotional-analysis-in-music/DEAM_audio/MEMD_audio/1814.mp3,True
313,3.6,5.3,/kaggle/input/datasets/imsparsh/deam-mediaeval-dataset-emotional-analysis-in-music/DEAM_audio/MEMD_audio/313.mp3,True
1673,6.1,5.9,/kaggle/input/datasets/imsparsh/deam-mediaeval-dataset-emotional-analysis-in-music/DEAM_audio/MEMD_audio/1673.mp3,True
1906,4.4,6.2,/kaggle/input/datasets/imsparsh/deam-mediaeval-dataset-emotional-analysis-in-music/DEAM_audio/MEMD_audio/1906.mp3,True
555,5.2,4.8,/kaggle/input/datasets/imsparsh/deam-mediaeval-dataset-emotional-analysis-in-music/DEAM_audio/MEMD_audio/555.mp3,True
1259,3.6,2.8,/kaggle/input/datasets/imsparsh/deam-mediaeval-dataset-emotional-analysis-in-music/DEAM_audio/MEMD_audio/1259.mp3,True
1334,3.8,7.8,/kaggle/input/datasets/imsparsh/deam-mediaeval-dataset-emotional-analysis-in-music/DEAM_audio/MEMD_audio/1334.mp3,True
1094,6.4,6.3,/kaggle/input/datasets/imsparsh/deam-mediaeval-dataset-emotional-analysis-in-music/DEAM_audio/MEMD_audio/1094.mp3,True
1871,6.4,6.6,/kaggle/input/datasets/imsparsh/deam-mediaeval-dataset-emotional-analysis-in-music/DEAM_audio/MEMD_audio/1871.mp3,True
357,4.8,6.5,/kaggle/input/datasets/imsparsh/deam-mediaeval-dataset-emotional-analysis-in-music/DEAM_audio/MEMD_audio/357.mp3,True
1661,5.7,6.3,/kaggle/input/datasets/imsparsh/deam-mediaeval-dataset-emotional-analysis-in-music/DEAM_audio/MEMD_audio/1661.mp3,True
367,3.1,2.7,/kaggle/input/datasets/imsparsh/deam-mediaeval-dataset-emotional-analysis-in-music/DEAM_audio/MEMD_audio/367.mp3,True
180,4.8,5.9,/kaggle/input/datasets/imsparsh/deam-mediaeval-dataset-emotional-analysis-in-music/DEAM_audio/MEMD_audio/180.mp3,True
1405,3.7,2.2,/kaggle/input/datasets/imsparsh/deam-mediaeval-dataset-emotional-analysis-in-music/DEAM_audio/MEMD_audio/1405.mp3,True
1470,5.1,3.2,/kaggle/input/datasets/imsparsh/deam-mediaeval-dataset-emotional-analysis-in-music/DEAM_audio/MEMD_audio/1470.mp3,True
736,2.7,3.7,/kaggle/input/datasets/imsparsh/deam-mediaeval-dataset-emotional-analysis-in-music/DEAM_audio/MEMD_audio/736.mp3,True
72,6.7,5.6,/kaggle/input/datasets/imsparsh/deam-mediaeval-dataset-emotional-analysis-in-music/DEAM_audio/MEMD_audio/72.mp3,True
1656,4.7,4.0,/kaggle/input/datasets/imsparsh/deam-mediaeval-dataset-emotional-analysis-in-music/DEAM_audio/MEMD_audio/1656.mp3,True
979,3.1,5.5,/kaggle/input/datasets/imsparsh/deam-mediaeval-dataset-emotional-analysis-in-music/DEAM_audio/MEMD_audio/979.mp3,True
1090,5.6,6.6,/kaggle/input/datasets/imsparsh/deam-mediaeval-dataset-emotional-analysis-in-music/DEAM_audio/MEMD_audio/1090.mp3,True
1372,4.8,5.2,/kaggle/input/datasets/imsparsh/deam-mediaeval-dataset-emotional-analysis-in-music/DEAM_audio/MEMD_audio/1372.mp3,True
1423,4.2,5.5,/kaggle/input/datasets/imsparsh/deam-mediaeval-dataset-emotional-analysis-in-music/DEAM_audio/MEMD_audio/1423.mp3,True
609,5.3,5.55,/kaggle/input/datasets/imsparsh/deam-mediaeval-dataset-emotional-analysis-in-music/DEAM_audio/MEMD_audio/609.mp3,True
1228,5.4,3.3,/kaggle/input/datasets/imsparsh/deam-mediaeval-dataset-emotional-analysis-in-music/DEAM_audio/MEMD_audio/1228.mp3,True
857,4.9,5.3,/kaggle/input/datasets/imsparsh/deam-mediaeval-dataset-emotional-analysis-in-music/DEAM_audio/MEMD_audio/857.mp3,True
485,2.6,3.7,/kaggle/input/datasets/imsparsh/deam-mediaeval-dataset-emotional-analysis-in-music/DEAM_audio/MEMD_audio/485.mp3,True
662,5.9,5.1,/kaggle/input/datasets/imsparsh/deam-mediaeval-dataset-emotional-analysis-in-music/DEAM_audio/MEMD_audio/662.mp3,True
375,1.9,2.8,/kaggle/input/datasets/imsparsh/deam-mediaeval-dataset-emotional-analysis-in-music/DEAM_audio/MEMD_audio/375.mp3,True
35,4.8,6.5,/kaggle/input/datasets/imsparsh/deam-mediaeval-dataset-emotional-analysis-in-music/DEAM_audio/MEMD_audio/35.mp3,True
904,5.7,4.2,/kaggle/input/datasets/imsparsh/deam-mediaeval-dataset-emotional-analysis-in-music/DEAM_audio/MEMD_audio/904.mp3,True
53,4.3,5.1,/kaggle/input/datasets/imsparsh/deam-mediaeval-dataset-emotional-analysis-in-music/DEAM_audio/MEMD_audio/53.mp3,True
1159,5.8,6.0,/kaggle/input/datasets/imsparsh/deam-mediaeval-dataset-emotional-analysis-in-music/DEAM_audio/MEMD_audio/1159.mp3,True
1084,5.1,3.4,/kaggle/input/datasets/imsparsh/deam-mediaeval-dataset-emotional-analysis-in-music/DEAM_audio/MEMD_audio/1084.mp3,True
1876,6.3,5.0,/kaggle/input/datasets/imsparsh/deam-mediaeval-dataset-emotional-analysis-in-music/DEAM_audio/MEMD_audio/1876.mp3,True
494,3.7,4.1,/kaggle/input/datasets/imsparsh/deam-mediaeval-dataset-emotional-analysis-in-music/DEAM_audio/MEMD_audio/494.mp3,True
1177,5.2,3.3,/kaggle/input/datasets/imsparsh/deam-mediaeval-dataset-emotional-analysis-in-music/DEAM_audio/MEMD_audio/1177.mp3,True
695,5.9,6.2,/kaggle/input/datasets/imsparsh/deam-mediaeval-dataset-emotional-analysis-in-music/DEAM_audio/MEMD_audio/695.mp3,True
1015,5.9,6.3,/kaggle/input/datasets/imsparsh/deam-mediaeval-dataset-emotional-analysis-in-music/DEAM_audio/MEMD_audio/1015.mp3,True
1319,6.5,5.6,/kaggle/input/datasets/imsparsh/deam-mediaeval-dataset-emotional-analysis-in-music/DEAM_audio/MEMD_audio/1319.mp3,True
1456,4.3,2.2,/kaggle/input/datasets/imsparsh/deam-mediaeval-dataset-emotional-analysis-in-music/DEAM_audio/MEMD_audio/1456.mp3,True
294,5.5,6.5,/kaggle/input/datasets/imsparsh/deam-mediaeval-dataset-emotional-analysis-in-music/DEAM_audio/MEMD_audio/294.mp3,True
1384,5.8,5.4,/kaggle/input/datasets/imsparsh/deam-mediaeval-dataset-emotional-analysis-in-music/DEAM_audio/MEMD_audio/1384.mp3,True
1041,5.6,5.4,/kaggle/input/datasets/imsparsh/deam-mediaeval-dataset-emotional-analysis-in-music/DEAM_audio/MEMD_audio/1041.mp3,True
635,6.6,7.6,/kaggle/input/datasets/imsparsh/deam-mediaeval-dataset-emotional-analysis-in-music/DEAM_audio/MEMD_audio/635.mp3,True
186,3.7,4.0,/kaggle/input/datasets/imsparsh/deam-mediaeval-dataset-emotional-analysis-in-music/DEAM_audio/MEMD_audio/186.mp3,True
1218,3.9,4.1,/kaggle/input/datasets/imsparsh/deam-mediaeval-dataset-emotional-analysis-in-music/DEAM_audio/MEMD_audio/1218.mp3,True
1110,5.1,5.4,/kaggle/input/datasets/imsparsh/deam-mediaeval-dataset-emotional-analysis-in-music/DEAM_audio/MEMD_audio/1110.mp3,True
1568,5.4,6.0,/kaggle/input/datasets/imsparsh/deam-mediaeval-dataset-emotional-analysis-in-music/DEAM_audio/MEMD_audio/1568.mp3,True
813,6.2,6.7,/kaggle/input/datasets/imsparsh/deam-mediaeval-dataset-emotional-analysis-in-music/DEAM_audio/MEMD_audio/813.mp3,True
908,5.5,4.9,/kaggle/input/datasets/imsparsh/deam-mediaeval-dataset-emotional-analysis-in-music/DEAM_audio/MEMD_audio/908.mp3,True
1890,6.0,5.8,/kaggle/input/datasets/imsparsh/deam-mediaeval-dataset-emotional-analysis-in-music/DEAM_audio/MEMD_audio/1890.mp3,True
731,7.3,5.8,/kaggle/input/datasets/imsparsh/deam-mediaeval-dataset-emotional-analysis-in-music/DEAM_audio/MEMD_audio/731.mp3,True
1971,5.5,5.5,/kaggle/input/datasets/imsparsh/deam-mediaeval-dataset-emotional-analysis-in-music/DEAM_audio/MEMD_audio/1971.mp3,True
31,4.7,3.8,/kaggle/input/datasets/imsparsh/deam-mediaeval-dataset-emotional-analysis-in-music/DEAM_audio/MEMD_audio/31.mp3,True
157,4.0,6.2,/kaggle/input/datasets/imsparsh/deam-mediaeval-dataset-emotional-analysis-in-music/DEAM_audio/MEMD_audio/157.mp3,True
1603,5.4,3.9,/kaggle/input/datasets/imsparsh/deam-mediaeval-dataset-emotional-analysis-in-music/DEAM_audio/MEMD_audio/1603.mp3,True
1536,4.8,3.4,/kaggle/input/datasets/imsparsh/deam-mediaeval-dataset-emotional-analysis-in-music/DEAM_audio/MEMD_audio/1536.mp3,True
2027,5.8,5.4,/kaggle/input/datasets/imsparsh/deam-mediaeval-dataset-emotional-analysis-in-music/DEAM_audio/MEMD_audio/2027.mp3,True
1184,4.2,2.3,/kaggle/input/datasets/imsparsh/deam-mediaeval-dataset-emotional-analysis-in-music/DEAM_audio/MEMD_audio/1184.mp3,True
1237,4.1,3.3,/kaggle/input/datasets/imsparsh/deam-mediaeval-dataset-emotional-analysis-in-music/DEAM_audio/MEMD_audio/1237.mp3,True
2023,5.6,3.0,/kaggle/input/datasets/imsparsh/deam-mediaeval-dataset-emotional-analysis-in-music/DEAM_audio/MEMD_audio/2023.mp3,True
223,2.2,3.5,/kaggle/input/datasets/imsparsh/deam-mediaeval-dataset-emotional-analysis-in-music/DEAM_audio/MEMD_audio/223.mp3,True
1396,6.1,6.0,/kaggle/input/datasets/imsparsh/deam-mediaeval-dataset-emotional-analysis-in-music/DEAM_audio/MEMD_audio/1396.mp3,True
1249,5.1,5.6,/kaggle/input/datasets/imsparsh/deam-mediaeval-dataset-emotional-analysis-in-music/DEAM_audio/MEMD_audio/1249.mp3,True
2014,3.0,6.6,/kaggle/input/datasets/imsparsh/deam-mediaeval-dataset-emotional-analysis-in-music/DEAM_audio/MEMD_audio/2014.mp3,True
1754,4.2,2.4,/kaggle/input/datasets/imsparsh/deam-mediaeval-dataset-emotional-analysis-in-music/DEAM_audio/MEMD_audio/1754.mp3,True
787,6.1,6.3,/kaggle/input/datasets/imsparsh/deam-mediaeval-dataset-emotional-analysis-in-music/DEAM_audio/MEMD_audio/787.mp3,True
213,2.6,2.5,/kaggle/input/datasets/imsparsh/deam-mediaeval-dataset-emotional-analysis-in-music/DEAM_audio/MEMD_audio/213.mp3,True
354,7.1,6.4,/kaggle/input/datasets/imsparsh/deam-mediaeval-dataset-emotional-analysis-in-music/DEAM_audio/MEMD_audio/354.mp3,True
645,4.6,5.7,/kaggle/input/datasets/imsparsh/deam-mediaeval-dataset-emotional-analysis-in-music/DEAM_audio/MEMD_audio/645.mp3,True
1789,5.9,5.1,/kaggle/input/datasets/imsparsh/deam-mediaeval-dataset-emotional-analysis-in-music/DEAM_audio/MEMD_audio/1789.mp3,True
1802,5.7,6.6,/kaggle/input/datasets/imsparsh/deam-mediaeval-dataset-emotional-analysis-in-music/DEAM_audio/MEMD_audio/1802.mp3,True
1759,5.4,4.7,/kaggle/input/datasets/imsparsh/deam-mediaeval-dataset-emotional-analysis-in-music/DEAM_audio/MEMD_audio/1759.mp3,True
1737,3.6,3.6,/kaggle/input/datasets/imsparsh/deam-mediaeval-dataset-emotional-analysis-in-music/DEAM_audio/MEMD_audio/1737.mp3,True
668,5.0,5.3,/kaggle/input/datasets/imsparsh/deam-mediaeval-dataset-emotional-analysis-in-music/DEAM_audio/MEMD_audio/668.mp3,True
2043,5.6,4.4,/kaggle/input/datasets/imsparsh/deam-mediaeval-dataset-emotional-analysis-in-music/DEAM_audio/MEMD_audio/2043.mp3,True
1326,6.1,5.0,/kaggle/input/datasets/imsparsh/deam-mediaeval-dataset-emotional-analysis-in-music/DEAM_audio/MEMD_audio/1326.mp3,True
615,3.2,5.0,/kaggle/input/datasets/imsparsh/deam-mediaeval-dataset-emotional-analysis-in-music/DEAM_audio/MEMD_audio/615.mp3,True
189,6.5,7.1,/kaggle/input/datasets/imsparsh/deam-mediaeval-dataset-emotional-analysis-in-music/DEAM_audio/MEMD_audio/189.mp3,True
1500,3.8,3.2,/kaggle/input/datasets/imsparsh/deam-mediaeval-dataset-emotional-analysis-in-music/DEAM_audio/MEMD_audio/1500.mp3,True
1452,4.2,3.9,/kaggle/input/datasets/imsparsh/deam-mediaeval-dataset-emotional-analysis-in-music/DEAM_audio/MEMD_audio/1452.mp3,True
25,7.9,4.7,/kaggle/input/datasets/imsparsh/deam-mediaeval-dataset-emotional-analysis-in-music/DEAM_audio/MEMD_audio/25.mp3,True
1329,5.3,4.2,/kaggle/input/datasets/imsparsh/deam-mediaeval-dataset-emotional-analysis-in-music/DEAM_audio/MEMD_audio/1329.mp3,True
2030,4.2,6.2,/kaggle/input/datasets/imsparsh/deam-mediaeval-dataset-emotional-analysis-in-music/DEAM_audio/MEMD_audio/2030.mp3,True
706,5.5,6.0,/kaggle/input/datasets/imsparsh/deam-mediaeval-dataset-emotional-analysis-in-music/DEAM_audio/MEMD_audio/706.mp3,True
864,5.7,5.9,/kaggle/input/datasets/imsparsh/deam-mediaeval-dataset-emotional-analysis-in-music/DEAM_audio/MEMD_audio/864.mp3,True
1725,5.2,4.4,/kaggle/input/datasets/imsparsh/deam-mediaeval-dataset-emotional-analysis-in-music/DEAM_audio/MEMD_audio/1725.mp3,True
1276,4.8,5.5,/kaggle/input/datasets/imsparsh/deam-mediaeval-dataset-emotional-analysis-in-music/DEAM_audio/MEMD_audio/1276.mp3,True
1760,4.3,4.1,/kaggle/input/datasets/imsparsh/deam-mediaeval-dataset-emotional-analysis-in-music/DEAM_audio/MEMD_audio/1760.mp3,True
1216,5.5,5.3,/kaggle/input/datasets/imsparsh/deam-mediaeval-dataset-emotional-analysis-in-music/DEAM_audio/MEMD_audio/1216.mp3,True
1951,4.6,4.0,/kaggle/input/datasets/imsparsh/deam-mediaeval-dataset-emotional-analysis-in-music/DEAM_audio/MEMD_audio/1951.mp3,True
334,5.9,5.9,/kaggle/input/datasets/imsparsh/deam-mediaeval-dataset-emotional-analysis-in-music/DEAM_audio/MEMD_audio/334.mp3,True
1054,3.7,6.3,/kaggle/input/datasets/imsparsh/deam-mediaeval-dataset-emotional-analysis-in-music/DEAM_audio/MEMD_audio/1054.mp3,True
1726,4.6,3.2,/kaggle/input/datasets/imsparsh/deam-mediaeval-dataset-emotional-analysis-in-music/DEAM_audio/MEMD_audio/1726.mp3,True
269,4.3,4.8,/kaggle/input/datasets/imsparsh/deam-mediaeval-dataset-emotional-analysis-in-music/DEAM_audio/MEMD_audio/269.mp3,True
44,3.9,4.9,/kaggle/input/datasets/imsparsh/deam-mediaeval-dataset-emotional-analysis-in-music/DEAM_audio/MEMD_audio/44.mp3,True
1853,6.5,5.7,/kaggle/input/datasets/imsparsh/deam-mediaeval-dataset-emotional-analysis-in-music/DEAM_audio/MEMD_audio/1853.mp3,True
540,4.1,4.4,/kaggle/input/datasets/imsparsh/deam-mediaeval-dataset-emotional-analysis-in-music/DEAM_audio/MEMD_audio/540.mp3,True
2008,5.6,3.6,/kaggle/input/datasets/imsparsh/deam-mediaeval-dataset-emotional-analysis-in-music/DEAM_audio/MEMD_audio/2008.mp3,True
1645,5.8,5.7,/kaggle/input/datasets/imsparsh/deam-mediaeval-dataset-emotional-analysis-in-music/DEAM_audio/MEMD_audio/1645.mp3,True
274,7.7,6.0,/kaggle/input/datasets/imsparsh/deam-mediaeval-dataset-emotional-analysis-in-music/DEAM_audio/MEMD_audio/274.mp3,True
55,5.8,5.4,/kaggle/input/datasets/imsparsh/deam-mediaeval-dataset-emotional-analysis-in-music/DEAM_audio/MEMD_audio/55.mp3,True
1006,4.6,4.4,/kaggle/input/datasets/imsparsh/deam-mediaeval-dataset-emotional-analysis-in-music/DEAM_audio/MEMD_audio/1006.mp3,True
1302,4.4,3.8,/kaggle/input/datasets/imsparsh/deam-mediaeval-dataset-emotional-analysis-in-music/DEAM_audio/MEMD_audio/1302.mp3,True
1655,6.1,6.1,/kaggle/input/datasets/imsparsh/deam-mediaeval-dataset-emotional-analysis-in-music/DEAM_audio/MEMD_audio/1655.mp3,True
608,2.9,3.8,/kaggle/input/datasets/imsparsh/deam-mediaeval-dataset-emotional-analysis-in-music/DEAM_audio/MEMD_audio/608.mp3,True
1861,5.1,5.0,/kaggle/input/datasets/imsparsh/deam-mediaeval-dataset-emotional-analysis-in-music/DEAM_audio/MEMD_audio/1861.mp3,True
2026,5.6,4.0,/kaggle/input/datasets/imsparsh/deam-mediaeval-dataset-emotional-analysis-in-music/DEAM_audio/MEMD_audio/2026.mp3,True
910,7.0,6.6,/kaggle/input/datasets/imsparsh/deam-mediaeval-dataset-emotional-analysis-in-music/DEAM_audio/MEMD_audio/910.mp3,True
1917,4.1,4.6,/kaggle/input/datasets/imsparsh/deam-mediaeval-dataset-emotional-analysis-in-music/DEAM_audio/MEMD_audio/1917.mp3,True
834,4.7,4.3,/kaggle/input/datasets/imsparsh/deam-mediaeval-dataset-emotional-analysis-in-music/DEAM_audio/MEMD_audio/834.mp3,True
1805,5.7,4.9,/kaggle/input/datasets/imsparsh/deam-mediaeval-dataset-emotional-analysis-in-music/DEAM_audio/MEMD_audio/1805.mp3,True
1475,4.3,3.2,/kaggle/input/datasets/imsparsh/deam-mediaeval-dataset-emotional-analysis-in-music/DEAM_audio/MEMD_audio/1475.mp3,True
1415,5.7,4.7,/kaggle/input/datasets/imsparsh/deam-mediaeval-dataset-emotional-analysis-in-music/DEAM_audio/MEMD_audio/1415.mp3,True
1672,4.4,2.6,/kaggle/input/datasets/imsparsh/deam-mediaeval-dataset-emotional-analysis-in-music/DEAM_audio/MEMD_audio/1672.mp3,True
1859,5.2,5.0,/kaggle/input/datasets/imsparsh/deam-mediaeval-dataset-emotional-analysis-in-music/DEAM_audio/MEMD_audio/1859.mp3,True
1557,5.5,6.3,/kaggle/input/datasets/imsparsh/deam-mediaeval-dataset-emotional-analysis-in-music/DEAM_audio/MEMD_audio/1557.mp3,True
1899,5.0,4.1,/kaggle/input/datasets/imsparsh/deam-mediaeval-dataset-emotional-analysis-in-music/DEAM_audio/MEMD_audio/1899.mp3,True
1057,4.7,7.1,/kaggle/input/datasets/imsparsh/deam-mediaeval-dataset-emotional-analysis-in-music/DEAM_audio/MEMD_audio/1057.mp3,True
192,5.8,6.1,/kaggle/input/datasets/imsparsh/deam-mediaeval-dataset-emotional-analysis-in-music/DEAM_audio/MEMD_audio/192.mp3,True
1213,3.1,2.8,/kaggle/input/datasets/imsparsh/deam-mediaeval-dataset-emotional-analysis-in-music/DEAM_audio/MEMD_audio/1213.mp3,True
1443,5.8,2.9,/kaggle/input/datasets/imsparsh/deam-mediaeval-dataset-emotional-analysis-in-music/DEAM_audio/MEMD_audio/1443.mp3,True
1078,6.8,6.0,/kaggle/input/datasets/imsparsh/deam-mediaeval-dataset-emotional-analysis-in-music/DEAM_audio/MEMD_audio/1078.mp3,True
1893,6.3,6.2,/kaggle/input/datasets/imsparsh/deam-mediaeval-dataset-emotional-analysis-in-music/DEAM_audio/MEMD_audio/1893.mp3,True
1134,4.1,2.1,/kaggle/input/datasets/imsparsh/deam-mediaeval-dataset-emotional-analysis-in-music/DEAM_audio/MEMD_audio/1134.mp3,True
1170,3.1,2.1,/kaggle/input/datasets/imsparsh/deam-mediaeval-dataset-emotional-analysis-in-music/DEAM_audio/MEMD_audio/1170.mp3,True
184,3.6,3.4,/kaggle/input/datasets/imsparsh/deam-mediaeval-dataset-emotional-analysis-in-music/DEAM_audio/MEMD_audio/184.mp3,True
1911,4.3,5.4,/kaggle/input/datasets/imsparsh/deam-mediaeval-dataset-emotional-analysis-in-music/DEAM_audio/MEMD_audio/1911.mp3,True
660,2.1,2.8,/kaggle/input/datasets/imsparsh/deam-mediaeval-dataset-emotional-analysis-in-music/DEAM_audio/MEMD_audio/660.mp3,True
1392,6.2,6.7,/kaggle/input/datasets/imsparsh/deam-mediaeval-dataset-emotional-analysis-in-music/DEAM_audio/MEMD_audio/1392.mp3,True
1507,5.5,5.7,/kaggle/input/datasets/imsparsh/deam-mediaeval-dataset-emotional-analysis-in-music/DEAM_audio/MEMD_audio/1507.mp3,True
1761,7.9,7.1,/kaggle/input/datasets/imsparsh/deam-mediaeval-dataset-emotional-analysis-in-music/DEAM_audio/MEMD_audio/1761.mp3,True
129,4.2,6.0,/kaggle/input/datasets/imsparsh/deam-mediaeval-dataset-emotional-analysis-in-music/DEAM_audio/MEMD_audio/129.mp3,True
1702,4.1,3.9,/kaggle/input/datasets/imsparsh/deam-mediaeval-dataset-emotional-analysis-in-music/DEAM_audio/MEMD_audio/1702.mp3,True
1700,5.6,5.0,/kaggle/input/datasets/imsparsh/deam-mediaeval-dataset-emotional-analysis-in-music/DEAM_audio/MEMD_audio/1700.mp3,True
748,5.1,4.4,/kaggle/input/datasets/imsparsh/deam-mediaeval-dataset-emotional-analysis-in-music/DEAM_audio/MEMD_audio/748.mp3,True
1851,4.6,3.3,/kaggle/input/datasets/imsparsh/deam-mediaeval-dataset-emotional-analysis-in-music/DEAM_audio/MEMD_audio/1851.mp3,True
1400,5.6,5.8,/kaggle/input/datasets/imsparsh/deam-mediaeval-dataset-emotional-analysis-in-music/DEAM_audio/MEMD_audio/1400.mp3,True
76,4.3,3.2,/kaggle/input/datasets/imsparsh/deam-mediaeval-dataset-emotional-analysis-in-music/DEAM_audio/MEMD_audio/76.mp3,True
182,2.2,3.7,/kaggle/input/datasets/imsparsh/deam-mediaeval-dataset-emotional-analysis-in-music/DEAM_audio/MEMD_audio/182.mp3,True
489,4.6,5.2,/kaggle/input/datasets/imsparsh/deam-mediaeval-dataset-emotional-analysis-in-music/DEAM_audio/MEMD_audio/489.mp3,True
2003,5.4,4.6,/kaggle/input/datasets/imsparsh/deam-mediaeval-dataset-emotional-analysis-in-music/DEAM_audio/MEMD_audio/2003.mp3,True
241,4.1,4.6,/kaggle/input/datasets/imsparsh/deam-mediaeval-dataset-emotional-analysis-in-music/DEAM_audio/MEMD_audio/241.mp3,True
1960,4.5,6.7,/kaggle/input/datasets/imsparsh/deam-mediaeval-dataset-emotional-analysis-in-music/DEAM_audio/MEMD_audio/1960.mp3,True
1379,5.8,5.7,/kaggle/input/datasets/imsparsh/deam-mediaeval-dataset-emotional-analysis-in-music/DEAM_audio/MEMD_audio/1379.mp3,True
1864,6.1,7.4,/kaggle/input/datasets/imsparsh/deam-mediaeval-dataset-emotional-analysis-in-music/DEAM_audio/MEMD_audio/1864.mp3,True
13,3.2,4.0,/kaggle/input/datasets/imsparsh/deam-mediaeval-dataset-emotional-analysis-in-music/DEAM_audio/MEMD_audio/13.mp3,True
1271,4.6,4.7,/kaggle/input/datasets/imsparsh/deam-mediaeval-dataset-emotional-analysis-in-music/DEAM_audio/MEMD_audio/1271.mp3,True
1875,6.3,6.2,/kaggle/input/datasets/imsparsh/deam-mediaeval-dataset-emotional-analysis-in-music/DEAM_audio/MEMD_audio/1875.mp3,True
1317,5.3,6.2,/kaggle/input/datasets/imsparsh/deam-mediaeval-dataset-emotional-analysis-in-music/DEAM_audio/MEMD_audio/1317.mp3,True
577,5.6,5.5,/kaggle/input/datasets/imsparsh/deam-mediaeval-dataset-emotional-analysis-in-music/DEAM_audio/MEMD_audio/577.mp3,True
303,7.0,6.4,/kaggle/input/datasets/imsparsh/deam-mediaeval-dataset-emotional-analysis-in-music/DEAM_audio/MEMD_audio/303.mp3,True
1584,4.9,4.6,/kaggle/input/datasets/imsparsh/deam-mediaeval-dataset-emotional-analysis-in-music/DEAM_audio/MEMD_audio/1584.mp3,True
1153,3.9,2.5,/kaggle/input/datasets/imsparsh/deam-mediaeval-dataset-emotional-analysis-in-music/DEAM_audio/MEMD_audio/1153.mp3,True
1822,4.7,3.5,/kaggle/input/datasets/imsparsh/deam-mediaeval-dataset-emotional-analysis-in-music/DEAM_audio/MEMD_audio/1822.mp3,True
1137,4.3,4.2,/kaggle/input/datasets/imsparsh/deam-mediaeval-dataset-emotional-analysis-in-music/DEAM_audio/MEMD_audio/1137.mp3,True
1955,5.5,6.5,/kaggle/input/datasets/imsparsh/deam-mediaeval-dataset-emotional-analysis-in-music/DEAM_audio/MEMD_audio/1955.mp3,True
810,6.5,6.6,/kaggle/input/datasets/imsparsh/deam-mediaeval-dataset-emotional-analysis-in-music/DEAM_audio/MEMD_audio/810.mp3,True
408,6.6,6.1,/kaggle/input/datasets/imsparsh/deam-mediaeval-dataset-emotional-analysis-in-music/DEAM_audio/MEMD_audio/408.mp3,True
1796,5.8,6.0,/kaggle/input/datasets/imsparsh/deam-mediaeval-dataset-emotional-analysis-in-music/DEAM_audio/MEMD_audio/1796.mp3,True
312,4.6,5.8,/kaggle/input/datasets/imsparsh/deam-mediaeval-dataset-emotional-analysis-in-music/DEAM_audio/MEMD_audio/312.mp3,True
1578,5.9,4.8,/kaggle/input/datasets/imsparsh/deam-mediaeval-dataset-emotional-analysis-in-music/DEAM_audio/MEMD_audio/1578.mp3,True
1695,5.7,5.6,/kaggle/input/datasets/imsparsh/deam-mediaeval-dataset-emotional-analysis-in-music/DEAM_audio/MEMD_audio/1695.mp3,True
181,3.7,2.5,/kaggle/input/datasets/imsparsh/deam-mediaeval-dataset-emotional-analysis-in-music/DEAM_audio/MEMD_audio/181.mp3,True
611,5.1,4.8,/kaggle/input/datasets/imsparsh/deam-mediaeval-dataset-emotional-analysis-in-music/DEAM_audio/MEMD_audio/611.mp3,True
836,7.1,5.7,/kaggle/input/datasets/imsparsh/deam-mediaeval-dataset-emotional-analysis-in-music/DEAM_audio/MEMD_audio/836.mp3,True
2041,4.4,3.0,/kaggle/input/datasets/imsparsh/deam-mediaeval-dataset-emotional-analysis-in-music/DEAM_audio/MEMD_audio/2041.mp3,True
1952,4.1,4.4,/kaggle/input/datasets/imsparsh/deam-mediaeval-dataset-emotional-analysis-in-music/DEAM_audio/MEMD_audio/1952.mp3,True
710,5.4,5.1,/kaggle/input/datasets/imsparsh/deam-mediaeval-dataset-emotional-analysis-in-music/DEAM_audio/MEMD_audio/710.mp3,True
1185,6.2,4.8,/kaggle/input/datasets/imsparsh/deam-mediaeval-dataset-emotional-analysis-in-music/DEAM_audio/MEMD_audio/1185.mp3,True
634,4.7,5.8,/kaggle/input/datasets/imsparsh/deam-mediaeval-dataset-emotional-analysis-in-music/DEAM_audio/MEMD_audio/634.mp3,True
1889,5.6,5.5,/kaggle/input/datasets/imsparsh/deam-mediaeval-dataset-emotional-analysis-in-music/DEAM_audio/MEMD_audio/1889.mp3,True
1428,4.7,3.5,/kaggle/input/datasets/imsparsh/deam-mediaeval-dataset-emotional-analysis-in-music/DEAM_audio/MEMD_audio/1428.mp3,True
177,4.8,5.6,/kaggle/input/datasets/imsparsh/deam-mediaeval-dataset-emotional-analysis-in-music/DEAM_audio/MEMD_audio/177.mp3,True
1990,4.2,4.1,/kaggle/input/datasets/imsparsh/deam-mediaeval-dataset-emotional-analysis-in-music/DEAM_audio/MEMD_audio/1990.mp3,True
488,1.6,3.4,/kaggle/input/datasets/imsparsh/deam-mediaeval-dataset-emotional-analysis-in-music/DEAM_audio/MEMD_audio/488.mp3,True
1211,5.5,4.7,/kaggle/input/datasets/imsparsh/deam-mediaeval-dataset-emotional-analysis-in-music/DEAM_audio/MEMD_audio/1211.mp3,True
1947,5.0,7.4,/kaggle/input/datasets/imsparsh/deam-mediaeval-dataset-emotional-analysis-in-music/DEAM_audio/MEMD_audio/1947.mp3,True
865,2.8,4.6,/kaggle/input/datasets/imsparsh/deam-mediaeval-dataset-emotional-analysis-in-music/DEAM_audio/MEMD_audio/865.mp3,True
1629,6.4,6.3,/kaggle/input/datasets/imsparsh/deam-mediaeval-dataset-emotional-analysis-in-music/DEAM_audio/MEMD_audio/1629.mp3,True
597,4.8,6.4,/kaggle/input/datasets/imsparsh/deam-mediaeval-dataset-emotional-analysis-in-music/DEAM_audio/MEMD_audio/597.mp3,True
1606,5.6,4.9,/kaggle/input/datasets/imsparsh/deam-mediaeval-dataset-emotional-analysis-in-music/DEAM_audio/MEMD_audio/1606.mp3,True
219,2.4,3.8,/kaggle/input/datasets/imsparsh/deam-mediaeval-dataset-emotional-analysis-in-music/DEAM_audio/MEMD_audio/219.mp3,True
1404,3.8,2.7,/kaggle/input/datasets/imsparsh/deam-mediaeval-dataset-emotional-analysis-in-music/DEAM_audio/MEMD_audio/1404.mp3,True
1481,3.9,3.7,/kaggle/input/datasets/imsparsh/deam-mediaeval-dataset-emotional-analysis-in-music/DEAM_audio/MEMD_audio/1481.mp3,True
790,7.2,5.4,/kaggle/input/datasets/imsparsh/deam-mediaeval-dataset-emotional-analysis-in-music/DEAM_audio/MEMD_audio/790.mp3,True
174,4.0,3.8,/kaggle/input/datasets/imsparsh/deam-mediaeval-dataset-emotional-analysis-in-music/DEAM_audio/MEMD_audio/174.mp3,True
1008,6.0,5.4,/kaggle/input/datasets/imsparsh/deam-mediaeval-dataset-emotional-analysis-in-music/DEAM_audio/MEMD_audio/1008.mp3,True
1791,5.3,3.3,/kaggle/input/datasets/imsparsh/deam-mediaeval-dataset-emotional-analysis-in-music/DEAM_audio/MEMD_audio/1791.mp3,True
1238,5.5,5.1,/kaggle/input/datasets/imsparsh/deam-mediaeval-dataset-emotional-analysis-in-music/DEAM_audio/MEMD_audio/1238.mp3,True
231,4.1,5.6,/kaggle/input/datasets/imsparsh/deam-mediaeval-dataset-emotional-analysis-in-music/DEAM_audio/MEMD_audio/231.mp3,True
1140,5.9,5.4,/kaggle/input/datasets/imsparsh/deam-mediaeval-dataset-emotional-analysis-in-music/DEAM_audio/MEMD_audio/1140.mp3,True
329,3.3,4.2,/kaggle/input/datasets/imsparsh/deam-mediaeval-dataset-emotional-analysis-in-music/DEAM_audio/MEMD_audio/329.mp3,True
345,7.2,6.5,/kaggle/input/datasets/imsparsh/deam-mediaeval-dataset-emotional-analysis-in-music/DEAM_audio/MEMD_audio/345.mp3,True
1900,6.5,6.7,/kaggle/input/datasets/imsparsh/deam-mediaeval-dataset-emotional-analysis-in-music/DEAM_audio/MEMD_audio/1900.mp3,True
486,6.2,5.7,/kaggle/input/datasets/imsparsh/deam-mediaeval-dataset-emotional-analysis-in-music/DEAM_audio/MEMD_audio/486.mp3,True
152,4.4,5.6,/kaggle/input/datasets/imsparsh/deam-mediaeval-dataset-emotional-analysis-in-music/DEAM_audio/MEMD_audio/152.mp3,True
1464,4.8,4.4,/kaggle/input/datasets/imsparsh/deam-mediaeval-dataset-emotional-analysis-in-music/DEAM_audio/MEMD_audio/1464.mp3,True
236,2.5,2.4,/kaggle/input/datasets/imsparsh/deam-mediaeval-dataset-emotional-analysis-in-music/DEAM_audio/MEMD_audio/236.mp3,True
1719,5.0,3.3,/kaggle/input/datasets/imsparsh/deam-mediaeval-dataset-emotional-analysis-in-music/DEAM_audio/MEMD_audio/1719.mp3,True
1092,5.8,6.3,/kaggle/input/datasets/imsparsh/deam-mediaeval-dataset-emotional-analysis-in-music/DEAM_audio/MEMD_audio/1092.mp3,True
296,5.9,5.7,/kaggle/input/datasets/imsparsh/deam-mediaeval-dataset-emotional-analysis-in-music/DEAM_audio/MEMD_audio/296.mp3,True
1696,3.8,3.3,/kaggle/input/datasets/imsparsh/deam-mediaeval-dataset-emotional-analysis-in-music/DEAM_audio/MEMD_audio/1696.mp3,True
1966,3.6,5.0,/kaggle/input/datasets/imsparsh/deam-mediaeval-dataset-emotional-analysis-in-music/DEAM_audio/MEMD_audio/1966.mp3,True
1950,3.8,3.4,/kaggle/input/datasets/imsparsh/deam-mediaeval-dataset-emotional-analysis-in-music/DEAM_audio/MEMD_audio/1950.mp3,True
1410,6.0,4.4,/kaggle/input/datasets/imsparsh/deam-mediaeval-dataset-emotional-analysis-in-music/DEAM_audio/MEMD_audio/1410.mp3,True
1683,6.0,4.8,/kaggle/input/datasets/imsparsh/deam-mediaeval-dataset-emotional-analysis-in-music/DEAM_audio/MEMD_audio/1683.mp3,True
464,5.1,5.6,/kaggle/input/datasets/imsparsh/deam-mediaeval-dataset-emotional-analysis-in-music/DEAM_audio/MEMD_audio/464.mp3,True
1976,4.9,5.4,/kaggle/input/datasets/imsparsh/deam-mediaeval-dataset-emotional-analysis-in-music/DEAM_audio/MEMD_audio/1976.mp3,True
1111,3.2,2.9,/kaggle/input/datasets/imsparsh/deam-mediaeval-dataset-emotional-analysis-in-music/DEAM_audio/MEMD_audio/1111.mp3,True
258,4.3,4.3,/kaggle/input/datasets/imsparsh/deam-mediaeval-dataset-emotional-analysis-in-music/DEAM_audio/MEMD_audio/258.mp3,True
839,5.7,4.4,/kaggle/input/datasets/imsparsh/deam-mediaeval-dataset-emotional-analysis-in-music/DEAM_audio/MEMD_audio/839.mp3,True
3,3.5,3.3,/kaggle/input/datasets/imsparsh/deam-mediaeval-dataset-emotional-analysis-in-music/DEAM_audio/MEMD_audio/3.mp3,True
140,4.2,4.5,/kaggle/input/datasets/imsparsh/deam-mediaeval-dataset-emotional-analysis-in-music/DEAM_audio/MEMD_audio/140.mp3,True
934,6.2,6.4,/kaggle/input/datasets/imsparsh/deam-mediaeval-dataset-emotional-analysis-in-music/DEAM_audio/MEMD_audio/934.mp3,True
1977,4.7,5.2,/kaggle/input/datasets/imsparsh/deam-mediaeval-dataset-emotional-analysis-in-music/DEAM_audio/MEMD_audio/1977.mp3,True
1208,6.2,4.6,/kaggle/input/datasets/imsparsh/deam-mediaeval-dataset-emotional-analysis-in-music/DEAM_audio/MEMD_audio/1208.mp3,True
1835,5.3,3.2,/kaggle/input/datasets/imsparsh/deam-mediaeval-dataset-emotional-analysis-in-music/DEAM_audio/MEMD_audio/1835.mp3,True
1667,6.0,7.5,/kaggle/input/datasets/imsparsh/deam-mediaeval-dataset-emotional-analysis-in-music/DEAM_audio/MEMD_audio/1667.mp3,True
1666,3.8,3.3,/kaggle/input/datasets/imsparsh/deam-mediaeval-dataset-emotional-analysis-in-music/DEAM_audio/MEMD_audio/1666.mp3,True
1790,3.8,3.3,/kaggle/input/datasets/imsparsh/deam-mediaeval-dataset-emotional-analysis-in-music/DEAM_audio/MEMD_audio/1790.mp3,True
1548,4.6,3.7,/kaggle/input/datasets/imsparsh/deam-mediaeval-dataset-emotional-analysis-in-music/DEAM_audio/MEMD_audio/1548.mp3,True
1886,4.1,3.0,/kaggle/input/datasets/imsparsh/deam-mediaeval-dataset-emotional-analysis-in-music/DEAM_audio/MEMD_audio/1886.mp3,True
551,3.2,4.0,/kaggle/input/datasets/imsparsh/deam-mediaeval-dataset-emotional-analysis-in-music/DEAM_audio/MEMD_audio/551.mp3,True
1777,5.3,4.4,/kaggle/input/datasets/imsparsh/deam-mediaeval-dataset-emotional-analysis-in-music/DEAM_audio/MEMD_audio/1777.mp3,True
1393,6.2,4.1,/kaggle/input/datasets/imsparsh/deam-mediaeval-dataset-emotional-analysis-in-music/DEAM_audio/MEMD_audio/1393.mp3,True
1513,6.1,6.3,/kaggle/input/datasets/imsparsh/deam-mediaeval-dataset-emotional-analysis-in-music/DEAM_audio/MEMD_audio/1513.mp3,True
1935,4.7,4.4,/kaggle/input/datasets/imsparsh/deam-mediaeval-dataset-emotional-analysis-in-music/DEAM_audio/MEMD_audio/1935.mp3,True
1654,4.8,3.1,/kaggle/input/datasets/imsparsh/deam-mediaeval-dataset-emotional-analysis-in-music/DEAM_audio/MEMD_audio/1654.mp3,True
871,6.4,6.0,/kaggle/input/datasets/imsparsh/deam-mediaeval-dataset-emotional-analysis-in-music/DEAM_audio/MEMD_audio/871.mp3,True
1910,3.8,3.3,/kaggle/input/datasets/imsparsh/deam-mediaeval-dataset-emotional-analysis-in-music/DEAM_audio/MEMD_audio/1910.mp3,True
1514,4.6,5.4,/kaggle/input/datasets/imsparsh/deam-mediaeval-dataset-emotional-analysis-in-music/DEAM_audio/MEMD_audio/1514.mp3,True
1856,6.1,6.7,/kaggle/input/datasets/imsparsh/deam-mediaeval-dataset-emotional-analysis-in-music/DEAM_audio/MEMD_audio/1856.mp3,True
371,5.2,6.6,/kaggle/input/datasets/imsparsh/deam-mediaeval-dataset-emotional-analysis-in-music/DEAM_audio/MEMD_audio/371.mp3,True
851,5.0,4.4,/kaggle/input/datasets/imsparsh/deam-mediaeval-dataset-emotional-analysis-in-music/DEAM_audio/MEMD_audio/851.mp3,True
1691,3.7,3.6,/kaggle/input/datasets/imsparsh/deam-mediaeval-dataset-emotional-analysis-in-music/DEAM_audio/MEMD_audio/1691.mp3,True
1736,4.7,3.1,/kaggle/input/datasets/imsparsh/deam-mediaeval-dataset-emotional-analysis-in-music/DEAM_audio/MEMD_audio/1736.mp3,True
955,3.8,5.6,/kaggle/input/datasets/imsparsh/deam-mediaeval-dataset-emotional-analysis-in-music/DEAM_audio/MEMD_audio/955.mp3,True
1639,5.3,5.3,/kaggle/input/datasets/imsparsh/deam-mediaeval-dataset-emotional-analysis-in-music/DEAM_audio/MEMD_audio/1639.mp3,True
1539,4.4,4.7,/kaggle/input/datasets/imsparsh/deam-mediaeval-dataset-emotional-analysis-in-music/DEAM_audio/MEMD_audio/1539.mp3,True
1229,5.2,4.3,/kaggle/input/datasets/imsparsh/deam-mediaeval-dataset-emotional-analysis-in-music/DEAM_audio/MEMD_audio/1229.mp3,True
815,5.5,5.9,/kaggle/input/datasets/imsparsh/deam-mediaeval-dataset-emotional-analysis-in-music/DEAM_audio/MEMD_audio/815.mp3,True
824,7.2,7.0,/kaggle/input/datasets/imsparsh/deam-mediaeval-dataset-emotional-analysis-in-music/DEAM_audio/MEMD_audio/824.mp3,True
1563,5.1,5.7,/kaggle/input/datasets/imsparsh/deam-mediaeval-dataset-emotional-analysis-in-music/DEAM_audio/MEMD_audio/1563.mp3,True
1657,5.6,5.7,/kaggle/input/datasets/imsparsh/deam-mediaeval-dataset-emotional-analysis-in-music/DEAM_audio/MEMD_audio/1657.mp3,True
1665,5.6,5.7,/kaggle/input/datasets/imsparsh/deam-mediaeval-dataset-emotional-analysis-in-music/DEAM_audio/MEMD_audio/1665.mp3,True
1505,4.2,4.9,/kaggle/input/datasets/imsparsh/deam-mediaeval-dataset-emotional-analysis-in-music/DEAM_audio/MEMD_audio/1505.mp3,True
2012,3.17,5.17,/kaggle/input/datasets/imsparsh/deam-mediaeval-dataset-emotional-analysis-in-music/DEAM_audio/MEMD_audio/2012.mp3,True
1511,5.5,5.6,/kaggle/input/datasets/imsparsh/deam-mediaeval-dataset-emotional-analysis-in-music/DEAM_audio/MEMD_audio/1511.mp3,True
1753,3.2,3.4,/kaggle/input/datasets/imsparsh/deam-mediaeval-dataset-emotional-analysis-in-music/DEAM_audio/MEMD_audio/1753.mp3,True
1628,4.7,4.8,/kaggle/input/datasets/imsparsh/deam-mediaeval-dataset-emotional-analysis-in-music/DEAM_audio/MEMD_audio/1628.mp3,True
1786,4.2,3.1,/kaggle/input/datasets/imsparsh/deam-mediaeval-dataset-emotional-analysis-in-music/DEAM_audio/MEMD_audio/1786.mp3,True
1611,5.7,6.2,/kaggle/input/datasets/imsparsh/deam-mediaeval-dataset-emotional-analysis-in-music/DEAM_audio/MEMD_audio/1611.mp3,True
1987,6.5,6.3,/kaggle/input/datasets/imsparsh/deam-mediaeval-dataset-emotional-analysis-in-music/DEAM_audio/MEMD_audio/1987.mp3,True
1965,3.3,3.5,/kaggle/input/datasets/imsparsh/deam-mediaeval-dataset-emotional-analysis-in-music/DEAM_audio/MEMD_audio/1965.mp3,True
1922,5.6,5.8,/kaggle/input/datasets/imsparsh/deam-mediaeval-dataset-emotional-analysis-in-music/DEAM_audio/MEMD_audio/1922.mp3,True
1052,5.5,6.6,/kaggle/input/datasets/imsparsh/deam-mediaeval-dataset-emotional-analysis-in-music/DEAM_audio/MEMD_audio/1052.mp3,True
846,6.0,5.5,/kaggle/input/datasets/imsparsh/deam-mediaeval-dataset-emotional-analysis-in-music/DEAM_audio/MEMD_audio/846.mp3,True
1269,3.5,4.4,/kaggle/input/datasets/imsparsh/deam-mediaeval-dataset-emotional-analysis-in-music/DEAM_audio/MEMD_audio/1269.mp3,True
1913,6.0,6.5,/kaggle/input/datasets/imsparsh/deam-mediaeval-dataset-emotional-analysis-in-music/DEAM_audio/MEMD_audio/1913.mp3,True
717,4.5,4.9,/kaggle/input/datasets/imsparsh/deam-mediaeval-dataset-emotional-analysis-in-music/DEAM_audio/MEMD_audio/717.mp3,True
899,5.3,6.3,/kaggle/input/datasets/imsparsh/deam-mediaeval-dataset-emotional-analysis-in-music/DEAM_audio/MEMD_audio/899.mp3,True
739,6.2,6.9,/kaggle/input/datasets/imsparsh/deam-mediaeval-dataset-emotional-analysis-in-music/DEAM_audio/MEMD_audio/739.mp3,True
1366,5.4,6.3,/kaggle/input/datasets/imsparsh/deam-mediaeval-dataset-emotional-analysis-in-music/DEAM_audio/MEMD_audio/1366.mp3,True
1523,6.9,4.8,/kaggle/input/datasets/imsparsh/deam-mediaeval-dataset-emotional-analysis-in-music/DEAM_audio/MEMD_audio/1523.mp3,True
1440,5.1,4.9,/kaggle/input/datasets/imsparsh/deam-mediaeval-dataset-emotional-analysis-in-music/DEAM_audio/MEMD_audio/1440.mp3,True
677,6.5,5.3,/kaggle/input/datasets/imsparsh/deam-mediaeval-dataset-emotional-analysis-in-music/DEAM_audio/MEMD_audio/677.mp3,True
1316,5.2,4.0,/kaggle/input/datasets/imsparsh/deam-mediaeval-dataset-emotional-analysis-in-music/DEAM_audio/MEMD_audio/1316.mp3,True
698,3.9,3.7,/kaggle/input/datasets/imsparsh/deam-mediaeval-dataset-emotional-analysis-in-music/DEAM_audio/MEMD_audio/698.mp3,True
1451,5.1,4.8,/kaggle/input/datasets/imsparsh/deam-mediaeval-dataset-emotional-analysis-in-music/DEAM_audio/MEMD_audio/1451.mp3,True
1005,5.4,5.1,/kaggle/input/datasets/imsparsh/deam-mediaeval-dataset-emotional-analysis-in-music/DEAM_audio/MEMD_audio/1005.mp3,True
1925,4.9,4.5,/kaggle/input/datasets/imsparsh/deam-mediaeval-dataset-emotional-analysis-in-music/DEAM_audio/MEMD_audio/1925.mp3,True
1687,5.1,4.7,/kaggle/input/datasets/imsparsh/deam-mediaeval-dataset-emotional-analysis-in-music/DEAM_audio/MEMD_audio/1687.mp3,True
628,4.9,6.8,/kaggle/input/datasets/imsparsh/deam-mediaeval-dataset-emotional-analysis-in-music/DEAM_audio/MEMD_audio/628.mp3,True
121,3.1,3.9,/kaggle/input/datasets/imsparsh/deam-mediaeval-dataset-emotional-analysis-in-music/DEAM_audio/MEMD_audio/121.mp3,True
1277,2.9,2.2,/kaggle/input/datasets/imsparsh/deam-mediaeval-dataset-emotional-analysis-in-music/DEAM_audio/MEMD_audio/1277.mp3,True
725,5.1,5.1,/kaggle/input/datasets/imsparsh/deam-mediaeval-dataset-emotional-analysis-in-music/DEAM_audio/MEMD_audio/725.mp3,True
1521,4.8,4.9,/kaggle/input/datasets/imsparsh/deam-mediaeval-dataset-emotional-analysis-in-music/DEAM_audio/MEMD_audio/1521.mp3,True
999,4.1,5.9,/kaggle/input/datasets/imsparsh/deam-mediaeval-dataset-emotional-analysis-in-music/DEAM_audio/MEMD_audio/999.mp3,True
1120,3.4,2.8,/kaggle/input/datasets/imsparsh/deam-mediaeval-dataset-emotional-analysis-in-music/DEAM_audio/MEMD_audio/1120.mp3,True
1855,5.4,6.0,/kaggle/input/datasets/imsparsh/deam-mediaeval-dataset-emotional-analysis-in-music/DEAM_audio/MEMD_audio/1855.mp3,True
1741,3.3,3.5,/kaggle/input/datasets/imsparsh/deam-mediaeval-dataset-emotional-analysis-in-music/DEAM_audio/MEMD_audio/1741.mp3,True
1148,3.4,3.0,/kaggle/input/datasets/imsparsh/deam-mediaeval-dataset-emotional-analysis-in-music/DEAM_audio/MEMD_audio/1148.mp3,True
1834,6.3,5.7,/kaggle/input/datasets/imsparsh/deam-mediaeval-dataset-emotional-analysis-in-music/DEAM_audio/MEMD_audio/1834.mp3,True
1295,6.9,6.4,/kaggle/input/datasets/imsparsh/deam-mediaeval-dataset-emotional-analysis-in-music/DEAM_audio/MEMD_audio/1295.mp3,True
240,6.4,6.6,/kaggle/input/datasets/imsparsh/deam-mediaeval-dataset-emotional-analysis-in-music/DEAM_audio/MEMD_audio/240.mp3,True
477,7.1,7.2,/kaggle/input/datasets/imsparsh/deam-mediaeval-dataset-emotional-analysis-in-music/DEAM_audio/MEMD_audio/477.mp3,True
1051,5.2,5.3,/kaggle/input/datasets/imsparsh/deam-mediaeval-dataset-emotional-analysis-in-music/DEAM_audio/MEMD_audio/1051.mp3,True
1127,3.4,3.0,/kaggle/input/datasets/imsparsh/deam-mediaeval-dataset-emotional-analysis-in-music/DEAM_audio/MEMD_audio/1127.mp3,True
482,1.9,3.5,/kaggle/input/datasets/imsparsh/deam-mediaeval-dataset-emotional-analysis-in-music/DEAM_audio/MEMD_audio/482.mp3,True
1023,2.9,2.3,/kaggle/input/datasets/imsparsh/deam-mediaeval-dataset-emotional-analysis-in-music/DEAM_audio/MEMD_audio/1023.mp3,True
1915,6.3,6.5,/kaggle/input/datasets/imsparsh/deam-mediaeval-dataset-emotional-analysis-in-music/DEAM_audio/MEMD_audio/1915.mp3,True
1498,4.8,3.8,/kaggle/input/datasets/imsparsh/deam-mediaeval-dataset-emotional-analysis-in-music/DEAM_audio/MEMD_audio/1498.mp3,True
1285,5.1,4.9,/kaggle/input/datasets/imsparsh/deam-mediaeval-dataset-emotional-analysis-in-music/DEAM_audio/MEMD_audio/1285.mp3,True
841,4.2,4.7,/kaggle/input/datasets/imsparsh/deam-mediaeval-dataset-emotional-analysis-in-music/DEAM_audio/MEMD_audio/841.mp3,True
1957,4.8,4.8,/kaggle/input/datasets/imsparsh/deam-mediaeval-dataset-emotional-analysis-in-music/DEAM_audio/MEMD_audio/1957.mp3,True
796,5.2,5.1,/kaggle/input/datasets/imsparsh/deam-mediaeval-dataset-emotional-analysis-in-music/DEAM_audio/MEMD_audio/796.mp3,True
1217,3.9,2.6,/kaggle/input/datasets/imsparsh/deam-mediaeval-dataset-emotional-analysis-in-music/DEAM_audio/MEMD_audio/1217.mp3,True
1827,5.6,6.7,/kaggle/input/datasets/imsparsh/deam-mediaeval-dataset-emotional-analysis-in-music/DEAM_audio/MEMD_audio/1827.mp3,True
978,7.7,6.1,/kaggle/input/datasets/imsparsh/deam-mediaeval-dataset-emotional-analysis-in-music/DEAM_audio/MEMD_audio/978.mp3,True
903,5.9,5.6,/kaggle/input/datasets/imsparsh/deam-mediaeval-dataset-emotional-analysis-in-music/DEAM_audio/MEMD_audio/903.mp3,True
124,3.7,2.8,/kaggle/input/datasets/imsparsh/deam-mediaeval-dataset-emotional-analysis-in-music/DEAM_audio/MEMD_audio/124.mp3,True
1061,6.5,6.2,/kaggle/input/datasets/imsparsh/deam-mediaeval-dataset-emotional-analysis-in-music/DEAM_audio/MEMD_audio/1061.mp3,True
1854,5.2,4.5,/kaggle/input/datasets/imsparsh/deam-mediaeval-dataset-emotional-analysis-in-music/DEAM_audio/MEMD_audio/1854.mp3,True
493,3.7,4.9,/kaggle/input/datasets/imsparsh/deam-mediaeval-dataset-emotional-analysis-in-music/DEAM_audio/MEMD_audio/493.mp3,True
651,6.4,7.1,/kaggle/input/datasets/imsparsh/deam-mediaeval-dataset-emotional-analysis-in-music/DEAM_audio/MEMD_audio/651.mp3,True
1328,4.4,2.7,/kaggle/input/datasets/imsparsh/deam-mediaeval-dataset-emotional-analysis-in-music/DEAM_audio/MEMD_audio/1328.mp3,True
1313,4.2,3.0,/kaggle/input/datasets/imsparsh/deam-mediaeval-dataset-emotional-analysis-in-music/DEAM_audio/MEMD_audio/1313.mp3,True
1186,3.7,1.9,/kaggle/input/datasets/imsparsh/deam-mediaeval-dataset-emotional-analysis-in-music/DEAM_audio/MEMD_audio/1186.mp3,True
1036,4.8,3.0,/kaggle/input/datasets/imsparsh/deam-mediaeval-dataset-emotional-analysis-in-music/DEAM_audio/MEMD_audio/1036.mp3,True
234,3.5,3.9,/kaggle/input/datasets/imsparsh/deam-mediaeval-dataset-emotional-analysis-in-music/DEAM_audio/MEMD_audio/234.mp3,True
164,4.1,2.9,/kaggle/input/datasets/imsparsh/deam-mediaeval-dataset-emotional-analysis-in-music/DEAM_audio/MEMD_audio/164.mp3,True
1308,5.8,5.3,/kaggle/input/datasets/imsparsh/deam-mediaeval-dataset-emotional-analysis-in-music/DEAM_audio/MEMD_audio/1308.mp3,True
59,5.3,4.1,/kaggle/input/datasets/imsparsh/deam-mediaeval-dataset-emotional-analysis-in-music/DEAM_audio/MEMD_audio/59.mp3,True
1274,6.0,5.4,/kaggle/input/datasets/imsparsh/deam-mediaeval-dataset-emotional-analysis-in-music/DEAM_audio/MEMD_audio/1274.mp3,True
275,5.3,5.5,/kaggle/input/datasets/imsparsh/deam-mediaeval-dataset-emotional-analysis-in-music/DEAM_audio/MEMD_audio/275.mp3,True
1770,4.5,2.9,/kaggle/input/datasets/imsparsh/deam-mediaeval-dataset-emotional-analysis-in-music/DEAM_audio/MEMD_audio/1770.mp3,True
458,3.4,5.0,/kaggle/input/datasets/imsparsh/deam-mediaeval-dataset-emotional-analysis-in-music/DEAM_audio/MEMD_audio/458.mp3,True
340,3.8,4.6,/kaggle/input/datasets/imsparsh/deam-mediaeval-dataset-emotional-analysis-in-music/DEAM_audio/MEMD_audio/340.mp3,True
507,4.9,4.8,/kaggle/input/datasets/imsparsh/deam-mediaeval-dataset-emotional-analysis-in-music/DEAM_audio/MEMD_audio/507.mp3,True
475,5.6,5.0,/kaggle/input/datasets/imsparsh/deam-mediaeval-dataset-emotional-analysis-in-music/DEAM_audio/MEMD_audio/475.mp3,True
759,6.7,5.9,/kaggle/input/datasets/imsparsh/deam-mediaeval-dataset-emotional-analysis-in-music/DEAM_audio/MEMD_audio/759.mp3,True
1779,5.7,2.9,/kaggle/input/datasets/imsparsh/deam-mediaeval-dataset-emotional-analysis-in-music/DEAM_audio/MEMD_audio/1779.mp3,True
1419,3.7,2.5,/kaggle/input/datasets/imsparsh/deam-mediaeval-dataset-emotional-analysis-in-music/DEAM_audio/MEMD_audio/1419.mp3,True
1343,6.0,5.4,/kaggle/input/datasets/imsparsh/deam-mediaeval-dataset-emotional-analysis-in-music/DEAM_audio/MEMD_audio/1343.mp3,True
1752,5.5,6.1,/kaggle/input/datasets/imsparsh/deam-mediaeval-dataset-emotional-analysis-in-music/DEAM_audio/MEMD_audio/1752.mp3,True
850,3.6,3.1,/kaggle/input/datasets/imsparsh/deam-mediaeval-dataset-emotional-analysis-in-music/DEAM_audio/MEMD_audio/850.mp3,True
1409,4.9,3.7,/kaggle/input/datasets/imsparsh/deam-mediaeval-dataset-emotional-analysis-in-music/DEAM_audio/MEMD_audio/1409.mp3,True
1624,5.7,6.4,/kaggle/input/datasets/imsparsh/deam-mediaeval-dataset-emotional-analysis-in-music/DEAM_audio/MEMD_audio/1624.mp3,True
673,6.6,6.7,/kaggle/input/datasets/imsparsh/deam-mediaeval-dataset-emotional-analysis-in-music/DEAM_audio/MEMD_audio/673.mp3,True
87,5.3,2.6,/kaggle/input/datasets/imsparsh/deam-mediaeval-dataset-emotional-analysis-in-music/DEAM_audio/MEMD_audio/87.mp3,True
22,4.0,4.8,/kaggle/input/datasets/imsparsh/deam-mediaeval-dataset-emotional-analysis-in-music/DEAM_audio/MEMD_audio/22.mp3,True
1437,5.1,4.5,/kaggle/input/datasets/imsparsh/deam-mediaeval-dataset-emotional-analysis-in-music/DEAM_audio/MEMD_audio/1437.mp3,True
1321,4.5,5.7,/kaggle/input/datasets/imsparsh/deam-mediaeval-dataset-emotional-analysis-in-music/DEAM_audio/MEMD_audio/1321.mp3,True
639,6.1,6.3,/kaggle/input/datasets/imsparsh/deam-mediaeval-dataset-emotional-analysis-in-music/DEAM_audio/MEMD_audio/639.mp3,True
459,6.3,6.1,/kaggle/input/datasets/imsparsh/deam-mediaeval-dataset-emotional-analysis-in-music/DEAM_audio/MEMD_audio/459.mp3,True
220,4.1,3.4,/kaggle/input/datasets/imsparsh/deam-mediaeval-dataset-emotional-analysis-in-music/DEAM_audio/MEMD_audio/220.mp3,True
1020,3.4,2.5,/kaggle/input/datasets/imsparsh/deam-mediaeval-dataset-emotional-analysis-in-music/DEAM_audio/MEMD_audio/1020.mp3,True
253,6.6,2.5,/kaggle/input/datasets/imsparsh/deam-mediaeval-dataset-emotional-analysis-in-music/DEAM_audio/MEMD_audio/253.mp3,True
1048,5.0,6.7,/kaggle/input/datasets/imsparsh/deam-mediaeval-dataset-emotional-analysis-in-music/DEAM_audio/MEMD_audio/1048.mp3,True
1333,4.5,5.7,/kaggle/input/datasets/imsparsh/deam-mediaeval-dataset-emotional-analysis-in-music/DEAM_audio/MEMD_audio/1333.mp3,True
1135,3.1,2.7,/kaggle/input/datasets/imsparsh/deam-mediaeval-dataset-emotional-analysis-in-music/DEAM_audio/MEMD_audio/1135.mp3,True
400,5.1,5.6,/kaggle/input/datasets/imsparsh/deam-mediaeval-dataset-emotional-analysis-in-music/DEAM_audio/MEMD_audio/400.mp3,True
968,3.8,3.2,/kaggle/input/datasets/imsparsh/deam-mediaeval-dataset-emotional-analysis-in-music/DEAM_audio/MEMD_audio/968.mp3,True
347,3.82,5.82,/kaggle/input/datasets/imsparsh/deam-mediaeval-dataset-emotional-analysis-in-music/DEAM_audio/MEMD_audio/347.mp3,True
1273,4.8,5.6,/kaggle/input/datasets/imsparsh/deam-mediaeval-dataset-emotional-analysis-in-music/DEAM_audio/MEMD_audio/1273.mp3,True
1532,5.8,5.6,/kaggle/input/datasets/imsparsh/deam-mediaeval-dataset-emotional-analysis-in-music/DEAM_audio/MEMD_audio/1532.mp3,True
1742,6.8,5.1,/kaggle/input/datasets/imsparsh/deam-mediaeval-dataset-emotional-analysis-in-music/DEAM_audio/MEMD_audio/1742.mp3,True
581,5.3,6.0,/kaggle/input/datasets/imsparsh/deam-mediaeval-dataset-emotional-analysis-in-music/DEAM_audio/MEMD_audio/581.mp3,True
2055,5.0,5.2,/kaggle/input/datasets/imsparsh/deam-mediaeval-dataset-emotional-analysis-in-music/DEAM_audio/MEMD_audio/2055.mp3,True
1072,6.3,5.5,/kaggle/input/datasets/imsparsh/deam-mediaeval-dataset-emotional-analysis-in-music/DEAM_audio/MEMD_audio/1072.mp3,True
319,4.5,6.6,/kaggle/input/datasets/imsparsh/deam-mediaeval-dataset-emotional-analysis-in-music/DEAM_audio/MEMD_audio/319.mp3,True
1252,5.2,5.1,/kaggle/input/datasets/imsparsh/deam-mediaeval-dataset-emotional-analysis-in-music/DEAM_audio/MEMD_audio/1252.mp3,True
235,3.0,3.7,/kaggle/input/datasets/imsparsh/deam-mediaeval-dataset-emotional-analysis-in-music/DEAM_audio/MEMD_audio/235.mp3,True
193,4.1,3.0,/kaggle/input/datasets/imsparsh/deam-mediaeval-dataset-emotional-analysis-in-music/DEAM_audio/MEMD_audio/193.mp3,True
1836,5.6,4.6,/kaggle/input/datasets/imsparsh/deam-mediaeval-dataset-emotional-analysis-in-music/DEAM_audio/MEMD_audio/1836.mp3,True
983,4.8,6.3,/kaggle/input/datasets/imsparsh/deam-mediaeval-dataset-emotional-analysis-in-music/DEAM_audio/MEMD_audio/983.mp3,True
487,4.5,5.3,/kaggle/input/datasets/imsparsh/deam-mediaeval-dataset-emotional-analysis-in-music/DEAM_audio/MEMD_audio/487.mp3,True
941,7.2,5.9,/kaggle/input/datasets/imsparsh/deam-mediaeval-dataset-emotional-analysis-in-music/DEAM_audio/MEMD_audio/941.mp3,True
1757,5.0,3.1,/kaggle/input/datasets/imsparsh/deam-mediaeval-dataset-emotional-analysis-in-music/DEAM_audio/MEMD_audio/1757.mp3,True
1386,5.9,5.0,/kaggle/input/datasets/imsparsh/deam-mediaeval-dataset-emotional-analysis-in-music/DEAM_audio/MEMD_audio/1386.mp3,True
727,4.3,4.5,/kaggle/input/datasets/imsparsh/deam-mediaeval-dataset-emotional-analysis-in-music/DEAM_audio/MEMD_audio/727.mp3,True
1670,5.9,5.4,/kaggle/input/datasets/imsparsh/deam-mediaeval-dataset-emotional-analysis-in-music/DEAM_audio/MEMD_audio/1670.mp3,True
1278,5.1,4.1,/kaggle/input/datasets/imsparsh/deam-mediaeval-dataset-emotional-analysis-in-music/DEAM_audio/MEMD_audio/1278.mp3,True
1282,6.8,6.4,/kaggle/input/datasets/imsparsh/deam-mediaeval-dataset-emotional-analysis-in-music/DEAM_audio/MEMD_audio/1282.mp3,True
1668,5.5,5.5,/kaggle/input/datasets/imsparsh/deam-mediaeval-dataset-emotional-analysis-in-music/DEAM_audio/MEMD_audio/1668.mp3,True
1842,5.8,6.3,/kaggle/input/datasets/imsparsh/deam-mediaeval-dataset-emotional-analysis-in-music/DEAM_audio/MEMD_audio/1842.mp3,True
1361,4.4,2.5,/kaggle/input/datasets/imsparsh/deam-mediaeval-dataset-emotional-analysis-in-music/DEAM_audio/MEMD_audio/1361.mp3,True
239,2.3,3.3,/kaggle/input/datasets/imsparsh/deam-mediaeval-dataset-emotional-analysis-in-music/DEAM_audio/MEMD_audio/239.mp3,True
52,4.6,5.1,/kaggle/input/datasets/imsparsh/deam-mediaeval-dataset-emotional-analysis-in-music/DEAM_audio/MEMD_audio/52.mp3,True
1032,3.3,4.1,/kaggle/input/datasets/imsparsh/deam-mediaeval-dataset-emotional-analysis-in-music/DEAM_audio/MEMD_audio/1032.mp3,True
658,4.4,5.7,/kaggle/input/datasets/imsparsh/deam-mediaeval-dataset-emotional-analysis-in-music/DEAM_audio/MEMD_audio/658.mp3,True
1708,4.2,3.6,/kaggle/input/datasets/imsparsh/deam-mediaeval-dataset-emotional-analysis-in-music/DEAM_audio/MEMD_audio/1708.mp3,True
1735,4.7,3.0,/kaggle/input/datasets/imsparsh/deam-mediaeval-dataset-emotional-analysis-in-music/DEAM_audio/MEMD_audio/1735.mp3,True
2029,4.17,4.0,/kaggle/input/datasets/imsparsh/deam-mediaeval-dataset-emotional-analysis-in-music/DEAM_audio/MEMD_audio/2029.mp3,True
1647,7.1,5.8,/kaggle/input/datasets/imsparsh/deam-mediaeval-dataset-emotional-analysis-in-music/DEAM_audio/MEMD_audio/1647.mp3,True
117,3.9,5.0,/kaggle/input/datasets/imsparsh/deam-mediaeval-dataset-emotional-analysis-in-music/DEAM_audio/MEMD_audio/117.mp3,True
1620,6.3,5.7,/kaggle/input/datasets/imsparsh/deam-mediaeval-dataset-emotional-analysis-in-music/DEAM_audio/MEMD_audio/1620.mp3,True
1154,3.9,4.4,/kaggle/input/datasets/imsparsh/deam-mediaeval-dataset-emotional-analysis-in-music/DEAM_audio/MEMD_audio/1154.mp3,True
726,7.0,3.6,/kaggle/input/datasets/imsparsh/deam-mediaeval-dataset-emotional-analysis-in-music/DEAM_audio/MEMD_audio/726.mp3,True
1626,6.1,6.0,/kaggle/input/datasets/imsparsh/deam-mediaeval-dataset-emotional-analysis-in-music/DEAM_audio/MEMD_audio/1626.mp3,True
1033,5.3,5.6,/kaggle/input/datasets/imsparsh/deam-mediaeval-dataset-emotional-analysis-in-music/DEAM_audio/MEMD_audio/1033.mp3,True
289,5.7,6.7,/kaggle/input/datasets/imsparsh/deam-mediaeval-dataset-emotional-analysis-in-music/DEAM_audio/MEMD_audio/289.mp3,True
21,6.6,6.3,/kaggle/input/datasets/imsparsh/deam-mediaeval-dataset-emotional-analysis-in-music/DEAM_audio/MEMD_audio/21.mp3,True
369,2.9,3.4,/kaggle/input/datasets/imsparsh/deam-mediaeval-dataset-emotional-analysis-in-music/DEAM_audio/MEMD_audio/369.mp3,True
777,6.2,5.1,/kaggle/input/datasets/imsparsh/deam-mediaeval-dataset-emotional-analysis-in-music/DEAM_audio/MEMD_audio/777.mp3,True
468,3.6,3.4,/kaggle/input/datasets/imsparsh/deam-mediaeval-dataset-emotional-analysis-in-music/DEAM_audio/MEMD_audio/468.mp3,True
1554,5.8,4.5,/kaggle/input/datasets/imsparsh/deam-mediaeval-dataset-emotional-analysis-in-music/DEAM_audio/MEMD_audio/1554.mp3,True
198,1.9,3.3,/kaggle/input/datasets/imsparsh/deam-mediaeval-dataset-emotional-analysis-in-music/DEAM_audio/MEMD_audio/198.mp3,True
1097,5.5,5.4,/kaggle/input/datasets/imsparsh/deam-mediaeval-dataset-emotional-analysis-in-music/DEAM_audio/MEMD_audio/1097.mp3,True
37,6.6,5.3,/kaggle/input/datasets/imsparsh/deam-mediaeval-dataset-emotional-analysis-in-music/DEAM_audio/MEMD_audio/37.mp3,True
848,2.2,2.7,/kaggle/input/datasets/imsparsh/deam-mediaeval-dataset-emotional-analysis-in-music/DEAM_audio/MEMD_audio/848.mp3,True
1765,5.8,4.6,/kaggle/input/datasets/imsparsh/deam-mediaeval-dataset-emotional-analysis-in-music/DEAM_audio/MEMD_audio/1765.mp3,True
1411,3.9,2.7,/kaggle/input/datasets/imsparsh/deam-mediaeval-dataset-emotional-analysis-in-music/DEAM_audio/MEMD_audio/1411.mp3,True
1785,5.6,5.2,/kaggle/input/datasets/imsparsh/deam-mediaeval-dataset-emotional-analysis-in-music/DEAM_audio/MEMD_audio/1785.mp3,True
1088,7.3,6.6,/kaggle/input/datasets/imsparsh/deam-mediaeval-dataset-emotional-analysis-in-music/DEAM_audio/MEMD_audio/1088.mp3,True
1524,5.6,4.4,/kaggle/input/datasets/imsparsh/deam-mediaeval-dataset-emotional-analysis-in-music/DEAM_audio/MEMD_audio/1524.mp3,True
1847,3.2,2.6,/kaggle/input/datasets/imsparsh/deam-mediaeval-dataset-emotional-analysis-in-music/DEAM_audio/MEMD_audio/1847.mp3,True
724,6.0,6.1,/kaggle/input/datasets/imsparsh/deam-mediaeval-dataset-emotional-analysis-in-music/DEAM_audio/MEMD_audio/724.mp3,True
2011,4.2,5.0,/kaggle/input/datasets/imsparsh/deam-mediaeval-dataset-emotional-analysis-in-music/DEAM_audio/MEMD_audio/2011.mp3,True
909,6.0,5.5,/kaggle/input/datasets/imsparsh/deam-mediaeval-dataset-emotional-analysis-in-music/DEAM_audio/MEMD_audio/909.mp3,True
1214,6.2,5.3,/kaggle/input/datasets/imsparsh/deam-mediaeval-dataset-emotional-analysis-in-music/DEAM_audio/MEMD_audio/1214.mp3,True
222,3.8,4.3,/kaggle/input/datasets/imsparsh/deam-mediaeval-dataset-emotional-analysis-in-music/DEAM_audio/MEMD_audio/222.mp3,True
1232,6.9,6.3,/kaggle/input/datasets/imsparsh/deam-mediaeval-dataset-emotional-analysis-in-music/DEAM_audio/MEMD_audio/1232.mp3,True
936,5.4,4.7,/kaggle/input/datasets/imsparsh/deam-mediaeval-dataset-emotional-analysis-in-music/DEAM_audio/MEMD_audio/936.mp3,True
1756,4.4,3.9,/kaggle/input/datasets/imsparsh/deam-mediaeval-dataset-emotional-analysis-in-music/DEAM_audio/MEMD_audio/1756.mp3,True
1962,4.4,5.0,/kaggle/input/datasets/imsparsh/deam-mediaeval-dataset-emotional-analysis-in-music/DEAM_audio/MEMD_audio/1962.mp3,True
661,2.2,2.8,/kaggle/input/datasets/imsparsh/deam-mediaeval-dataset-emotional-analysis-in-music/DEAM_audio/MEMD_audio/661.mp3,True
1339,7.2,6.8,/kaggle/input/datasets/imsparsh/deam-mediaeval-dataset-emotional-analysis-in-music/DEAM_audio/MEMD_audio/1339.mp3,True
613,5.2,6.8,/kaggle/input/datasets/imsparsh/deam-mediaeval-dataset-emotional-analysis-in-music/DEAM_audio/MEMD_audio/613.mp3,True
1841,4.6,3.1,/kaggle/input/datasets/imsparsh/deam-mediaeval-dataset-emotional-analysis-in-music/DEAM_audio/MEMD_audio/1841.mp3,True
1113,3.4,3.0,/kaggle/input/datasets/imsparsh/deam-mediaeval-dataset-emotional-analysis-in-music/DEAM_audio/MEMD_audio/1113.mp3,True
1004,3.8,4.7,/kaggle/input/datasets/imsparsh/deam-mediaeval-dataset-emotional-analysis-in-music/DEAM_audio/MEMD_audio/1004.mp3,True
302,6.6,7.0,/kaggle/input/datasets/imsparsh/deam-mediaeval-dataset-emotional-analysis-in-music/DEAM_audio/MEMD_audio/302.mp3,True
39,7.3,5.4,/kaggle/input/datasets/imsparsh/deam-mediaeval-dataset-emotional-analysis-in-music/DEAM_audio/MEMD_audio/39.mp3,True
1594,5.6,5.4,/kaggle/input/datasets/imsparsh/deam-mediaeval-dataset-emotional-analysis-in-music/DEAM_audio/MEMD_audio/1594.mp3,True
586,5.2,5.9,/kaggle/input/datasets/imsparsh/deam-mediaeval-dataset-emotional-analysis-in-music/DEAM_audio/MEMD_audio/586.mp3,True
1441,5.0,4.0,/kaggle/input/datasets/imsparsh/deam-mediaeval-dataset-emotional-analysis-in-music/DEAM_audio/MEMD_audio/1441.mp3,True
326,5.4,7.2,/kaggle/input/datasets/imsparsh/deam-mediaeval-dataset-emotional-analysis-in-music/DEAM_audio/MEMD_audio/326.mp3,True
1212,3.5,2.7,/kaggle/input/datasets/imsparsh/deam-mediaeval-dataset-emotional-analysis-in-music/DEAM_audio/MEMD_audio/1212.mp3,True
1472,5.0,5.2,/kaggle/input/datasets/imsparsh/deam-mediaeval-dataset-emotional-analysis-in-music/DEAM_audio/MEMD_audio/1472.mp3,True
466,6.6,5.9,/kaggle/input/datasets/imsparsh/deam-mediaeval-dataset-emotional-analysis-in-music/DEAM_audio/MEMD_audio/466.mp3,True
1062,4.1,4.3,/kaggle/input/datasets/imsparsh/deam-mediaeval-dataset-emotional-analysis-in-music/DEAM_audio/MEMD_audio/1062.mp3,True
1694,4.5,6.1,/kaggle/input/datasets/imsparsh/deam-mediaeval-dataset-emotional-analysis-in-music/DEAM_audio/MEMD_audio/1694.mp3,True
1772,5.6,4.3,/kaggle/input/datasets/imsparsh/deam-mediaeval-dataset-emotional-analysis-in-music/DEAM_audio/MEMD_audio/1772.mp3,True
406,5.3,4.3,/kaggle/input/datasets/imsparsh/deam-mediaeval-dataset-emotional-analysis-in-music/DEAM_audio/MEMD_audio/406.mp3,True
1026,3.7,2.8,/kaggle/input/datasets/imsparsh/deam-mediaeval-dataset-emotional-analysis-in-music/DEAM_audio/MEMD_audio/1026.mp3,True
1589,5.8,6.1,/kaggle/input/datasets/imsparsh/deam-mediaeval-dataset-emotional-analysis-in-music/DEAM_audio/MEMD_audio/1589.mp3,True
1942,6.4,6.8,/kaggle/input/datasets/imsparsh/deam-mediaeval-dataset-emotional-analysis-in-music/DEAM_audio/MEMD_audio/1942.mp3,True
160,3.5,3.5,/kaggle/input/datasets/imsparsh/deam-mediaeval-dataset-emotional-analysis-in-music/DEAM_audio/MEMD_audio/160.mp3,True
1944,6.1,5.1,/kaggle/input/datasets/imsparsh/deam-mediaeval-dataset-emotional-analysis-in-music/DEAM_audio/MEMD_audio/1944.mp3,True
1128,3.7,2.7,/kaggle/input/datasets/imsparsh/deam-mediaeval-dataset-emotional-analysis-in-music/DEAM_audio/MEMD_audio/1128.mp3,True
1380,4.1,4.5,/kaggle/input/datasets/imsparsh/deam-mediaeval-dataset-emotional-analysis-in-music/DEAM_audio/MEMD_audio/1380.mp3,True
1653,4.3,3.1,/kaggle/input/datasets/imsparsh/deam-mediaeval-dataset-emotional-analysis-in-music/DEAM_audio/MEMD_audio/1653.mp3,True
113,5.4,3.8,/kaggle/input/datasets/imsparsh/deam-mediaeval-dataset-emotional-analysis-in-music/DEAM_audio/MEMD_audio/113.mp3,True
1739,3.7,2.8,/kaggle/input/datasets/imsparsh/deam-mediaeval-dataset-emotional-analysis-in-music/DEAM_audio/MEMD_audio/1739.mp3,True
390,5.7,6.2,/kaggle/input/datasets/imsparsh/deam-mediaeval-dataset-emotional-analysis-in-music/DEAM_audio/MEMD_audio/390.mp3,True
1495,4.4,3.9,/kaggle/input/datasets/imsparsh/deam-mediaeval-dataset-emotional-analysis-in-music/DEAM_audio/MEMD_audio/1495.mp3,True
605,4.4,6.0,/kaggle/input/datasets/imsparsh/deam-mediaeval-dataset-emotional-analysis-in-music/DEAM_audio/MEMD_audio/605.mp3,True
151,4.0,4.5,/kaggle/input/datasets/imsparsh/deam-mediaeval-dataset-emotional-analysis-in-music/DEAM_audio/MEMD_audio/151.mp3,True
1895,6.5,5.9,/kaggle/input/datasets/imsparsh/deam-mediaeval-dataset-emotional-analysis-in-music/DEAM_audio/MEMD_audio/1895.mp3,True
1301,4.4,2.8,/kaggle/input/datasets/imsparsh/deam-mediaeval-dataset-emotional-analysis-in-music/DEAM_audio/MEMD_audio/1301.mp3,True
1981,5.1,5.8,/kaggle/input/datasets/imsparsh/deam-mediaeval-dataset-emotional-analysis-in-music/DEAM_audio/MEMD_audio/1981.mp3,True
1352,6.7,6.4,/kaggle/input/datasets/imsparsh/deam-mediaeval-dataset-emotional-analysis-in-music/DEAM_audio/MEMD_audio/1352.mp3,True
1387,6.1,4.5,/kaggle/input/datasets/imsparsh/deam-mediaeval-dataset-emotional-analysis-in-music/DEAM_audio/MEMD_audio/1387.mp3,True
1551,5.6,5.4,/kaggle/input/datasets/imsparsh/deam-mediaeval-dataset-emotional-analysis-in-music/DEAM_audio/MEMD_audio/1551.mp3,True
1117,4.2,3.4,/kaggle/input/datasets/imsparsh/deam-mediaeval-dataset-emotional-analysis-in-music/DEAM_audio/MEMD_audio/1117.mp3,True
1716,5.8,5.4,/kaggle/input/datasets/imsparsh/deam-mediaeval-dataset-emotional-analysis-in-music/DEAM_audio/MEMD_audio/1716.mp3,True
1383,5.6,3.0,/kaggle/input/datasets/imsparsh/deam-mediaeval-dataset-emotional-analysis-in-music/DEAM_audio/MEMD_audio/1383.mp3,True
